SONG_ID,TITLE,ARTIST,ALBUM,URL,FILE_NAME,SONG_DURATION,BITRATE
956,Revolution,Burden|Hand,Live at Blakes On Telegraph on 2005-07-27,http://www.archive.org/download/brdnhand2005-07-27.shnf/brdnhand2005-07-27d1t03_vbr.mp3,Burden|Hand_Revolution.mp3,320,186597
958,Rap Medley,5point,Live at Villanova University on 2008-10-23,http://www.archive.org/download/5point2008-10-23/2008-10-23d01t03_vbr.mp3,5point_RapMedley.mp3,344,218814
960,Woman Across The River,Absolute Gruv,Live at Trocadero's on 2008-12-31,http://www.archive.org/download/ag2008-12-31.WYE.flac16/ag2008-12-31d1t09.WYE_vbr.mp3,AbsoluteGruv_WomanAcrossTheRiver.mp3,293,222707
962,?,Afrissippi,Live at The Thirsty Hippo on 2007-03-22,http://www.archive.org/download/afri2007-03-22.akg463.flac16/afri2007-03-22d2t03_vbr.mp3,Afrissippi_?.mp3,579,205523
964,Encore Break Crowd Noise,Against Me!, Live at Majestic Theater on 2008-10-18,http://www.archive.org/download/am2008-10-18.prisoncity/am2008-10-18-t18_vbr.mp3,AgainstMe!_EncoreBreakCrowdNoise.mp3,161,186964
966,drums_space>,Akidna Pillow,Live at Bear Creek Amphitheatre on 1998-08-07,http://www.archive.org/download/ap1998-08-07/ap1998-08-07d2t01_vbr.mp3,AkidnaPillow_drums_space>.mp3,557,226494
968,Quinn the Eskimo The Mighty Quinn,Al and the Transamericans,Live at B.B. King's Blues Club on 2003-11-28,http://www.archive.org/download/ALTA2003-11-28.mg210.shnf/ALTA2003-11-28d1.shnf/ALTA2003-11-28d1t10_vbr.mp3,AlandtheTransamericans_QuinntheEskimoTheMightyQuinn.mp3,377,218992
970,Should I stay or should I go,All Mighty Senators,Live at The Funk Box on 2003-11-29,http://www.archive.org/download/ams2003-11-29.shn/ams2003-11-29d2/Track0106_vbr.mp3,AllMightySenators_ShouldIstayorshouldIgo.mp3,132,195855
972,High Mountain Girls Can Love*,Almost Acoustic Band,Live at Crawdaddy's on 2004-02-14,http://www.archive.org/download/aab2004-02-14.shnf/aab2004-02-14d3t06_vbr.mp3,AlmostAcousticBand_HighMountainGirlsCanLove*.mp3,210,147216
974,Never Been in love,Anna Troy,Live at Twiggs' Green Room on 2004-01-03,http://www.archive.org/download/atroy2004-01-03.at831.shnf/atroy2004-01-03d1t02_vbr.mp3,AnnaTroy_NeverBeeninlove.mp3,217,176348
976,Morning Dew,Art Matthies,Live at Frontier ranch Hookahville on 2005-09-03,http://www.archive.org/download/ArtMatthies2005-09-03/artmatthies2005-09-03t08_vbr.mp3,ArtMatthies_MorningDew.mp3,244,182345
978,astralproject20030326t02shn,Astral Project,Live at Proud Larrys on 2003-03-26,http://www.archive.org/download/astralProject2003-03-26.shnf/astralproject2003-03-26t02_vbr.mp3,AstralProject_astralproject20030326t02shn.mp3,697,188497
980,Georgia Peach w_Scott Stiert,August Solstice,Live at Huron County Fairgrounds on 2009-09-12,http://www.archive.org/download/asolstice2009-09-12.flac/2009-09-12t08_vbr.mp3,AugustSolstice_GeorgiaPeachw_ScottStiert.mp3,253,133682
982,Tupelo Honey,BLT,Live at Winners on 2003-02-04,http://www.archive.org/download/blt2003-02-04.shnf/blt2003-02-04d1t02_vbr.mp3,BLT_TupeloHoney.mp3,376,180707
984,Scuba Snacks,Baghdad Scuba Review,Live at High Noon Saloon on 2008-01-11,http://www.archive.org/download/bsr2008-01-11/BaghdadScubaReview2008-01-11t06_vbr.mp3,BaghdadScubaReview_ScubaSnacks.mp3,463,190409
986,bip20090524t07flac,Bankrupt in Panama,Live at Bella Madre - Campground Jam on 2009-05-24,http://www.archive.org/download/bip2009-05-24/bip2009-05-24t07_vbr.mp3,BankruptinPanama_bip20090524t07flac.mp3,556,171169
988,Wondering Where The Lions Are Bruce Cockburn,Barefootin,Live at Lose Yer Shoes Music Festival on 2006-08-12,http://www.archive.org/download/barefootin2006-08-12.shnf/barefootin2006-08-12t04_vbr.mp3,Barefootin_WonderingWhereTheLionsAreBruceCockburn.mp3,407,136055
990,COMING DOWN,Barry And The Penetrators,Live at Harrys Roadhouse on 2004-04-02,http://www.archive.org/download/batp2004-04-02d1.shnf/batp2004-04-02d1t01_vbr.mp3,BarryAndThePenetrators_COMINGDOWN.mp3,196,198424
992,Mexican Radio,Basement Generals,Live at The Saint on 2010-02-04,http://www.archive.org/download/BG2010-02-04.sbd/04MexicanRadio.mp3,BasementGenerals_MexicanRadio.mp3,261,128000
994,Creative Process,Beefy,Live at Rendezvous Jewelbox Theater on 2008-06-12,http://www.archive.org/download/beefy2008-06-12.flac16/beefy2008-06-12t09_vbr.mp3,Beefy_CreativeProcess.mp3,248,188718
996,A Lack of Color,Ben Gibbard,Live at Theatre of the Living Arts on 2007-05-09,http://www.archive.org/download/bengibbard2007-05-09.flac16/bengibbard2007-05-09t18_vbr.mp3,BenGibbard_ALackofColor.mp3,217,198633
998,They Love Each Other,Big Blue,Live at Gorges Music Park on 2006-06-04,http://www.archive.org/download/bigblue2006-06-04.ak40.flac16/bigblue2006-06-04t04_vbr.mp3,BigBlue_TheyLoveEachOther.mp3,471,214314
1000,Hideout** 6:39,Big Island Shindig,Live at Conan's Pub on 2005-03-26,http://www.archive.org/download/bis2005-03-26.aud.flac16/bis2005-03-26d1t08_vbr.mp3,BigIslandShindig_Hideout**6:39.mp3,399,128592
1002,Dont Look Me In The Eye,Big Side Left,Live at Watkins Landing on 2008-02-05,http://www.archive.org/download/BSL2008-02-05/BSL.2008.02.05.D1T5.DontLookMeInTheEye_vbr.mp3,BigSideLeft_DontLookMeInTheEye.mp3,407,74955
1004,Fearless,Big Whiskey,Live at Caseys Bar on 2006-03-25,http://www.archive.org/download/BW2006-03-25.Big_Whiskey.Caseys/BW2006-03-25d01t07_vbr.mp3,BigWhiskey_Fearless.mp3,288,128309
1006,The Navy Song,Billy Talent,Live at Rexall Place on 2007-01-25,http://www.archive.org/download/btalent2007-01-25.aud.flac16/BillyTalent2007-01-25t06.mp3,BillyTalent_TheNavySong.mp3,258,234783
1008,Special Roll> 6:59,Blacklite,Live at Delta Coffee House on 2007-10-03,http://www.archive.org/download/Blacklite2007-10-03/Blacklite2007-10-03/Blacklite2007-10-03d1t01_vbr.mp3,Blacklite_SpecialRoll>6:59.mp3,419,133648
1010,Yellow submarine,Blake Tedder,Live at Rosemont Studio Sessions on 2007-02-15,http://www.archive.org/download/tedder2007.2.15/tedder2007.2.15t08_vbr.mp3,BlakeTedder_Yellowsubmarine.mp3,183,154130
1012,Lucky to Know You,Blue Merle,Live at Hersheypark Stadium on 2005-06-25,http://www.archive.org/download/bluemerle2005-06-25.flac16/bluemerle2005-06-25d1t06_vbr.mp3,BlueMerle_LuckytoKnowYou.mp3,254,185417
1014,22xs,Blues and Lasers,Live at Burlington Waterfront on 2008-08-16,http://www.archive.org/download/bl2008-08-16.flac16/bl2008-08-16d1t02_vbr.mp3,BluesandLasers_22xs.mp3,297,206282
1016,Lazy Days,Bonjour  Ganesh!, Live at The Rock and Roll Hotel on 2009-07-24,http://www.archive.org/download/bongan2009-07-24/bongan2009-07-24d01t02_vbr.mp3,BonjourGanesh!_LazyDays.mp3,345,180840
1018,Not,Box O Laffs,Live at Graffiti's on 1985-03-07,http://www.archive.org/download/BoxOLaffs1985-03-07/BoxOLaffs1985-03-07t04_vbr.mp3,BoxOLaffs_Not.mp3,247,198422
1020,Samba?,Brave Combo,Live at Quakertown Park on 2008-04-27,http://www.archive.org/download/bravecombo2008-04-27.sp-cmc1.flac16/bravecombo2008-04-27d2t04_vbr.mp3,BraveCombo_Samba?.mp3,199,235312
1022,San Francisco,Brett Dennen,Live at Doornroosje on 2009-10-29,http://www.archive.org/download/bd2009-10-29.at831/bd2009.10.29t03_vbr.mp3,BrettDennen_SanFrancisco.mp3,225,196091
1024,Who Makes Your Money,Britt Daniel,Live at Music Hall of Williamsburg on 2010-01-23,http://www.archive.org/download/brittdaniel2010-01-23.mhow.aud.flac16/brittdaniel2010-01-23.mhowt02_vbr.mp3,BrittDaniel_WhoMakesYourMoney.mp3,214,198320
1026,evil man,Brownfish,Live at Cafe Malipop on 2007-06-30,http://www.archive.org/download/brownfishf2007-06-30/brownfishf2007-06-30d1t07_vbr.mp3,Brownfish_evilman.mp3,343,203581
1028,Chicken,Bryan Thomas Trio,Live at Studio 99 on 2009-10-29,http://www.archive.org/download/bt32009-10-29.aud.flac/bt3_2009-10-29-t05_chicken_vbr.mp3,BryanThomasTrio_Chicken.mp3,479,195238
1030,Revolution,Burden|Hand,Live at Blakes On Telegraph on 2005-07-27,http://www.archive.org/download/brdnhand2005-07-27.shnf/brdnhand2005-07-27d1t03_vbr.mp3,Burden|Hand_Revolution.mp3,320,186597
1032,CBC Demo 1 d2t2 you give hate,CBC,Live at chris' basement on 1994-00-00,http://www.archive.org/download/CBC1994-00-00.demo1/CbcDemo1d2T2YouGiveHate.mp3,CBC_CBCDemo1d2t2yougivehate.mp3,152,256000
1034,Grip,Calf Mountain Jam,Live at Starr Hill Music Hall on 2005-05-19,http://www.archive.org/download/cmj2005-05-19.flac16/cmj2005-05-19d1t05_Grip_vbr.mp3,CalfMountainJam_Grip.mp3,432,149638
1036,take the skinheads bowling,Camper Van Beethoven,Live at QE2 on 1987-02-09,http://www.archive.org/download/cvb1987-02-09.flac16/cvb1987-02-09d1t11_vbr.mp3,CamperVanBeethoven_taketheskinheadsbowling.mp3,199,195180
1038,ShimSham Honey,Caravan of Thieves,"Live at StrangeCreek Campout, Camp Kee-Wanee on 2010-05-30",http://www.archive.org/download/cot2010-05-30.akg482-marantz671-flac16/cot2010-05-30t01.mp3,CaravanofThieves_ShimShamHoney.mp3,355,197631
1040,improvisation,Carla Bozulich,Live at House of Nostromo on 2008-09-16,http://www.archive.org/download/carlabozulich2008-09-16.flac16/carlabozulich2008-09-16t02_vbr.mp3,CarlaBozulich_improvisation.mp3,600,205303
1042,Built For Comfort*,Caution Jam,Live at Izzy's Island Outfitters on 2005-09-04,http://www.archive.org/download/cjam2005-09-04.shnf/cjam2005-09-04d1t05_vbr.mp3,CautionJam_BuiltForComfort*.mp3,271,179775
1044,Wishing Tree,Charlie Sexton,Live at The Continental Club on 2005-11-04,http://www.archive.org/download/csexton2005-11-04.jwmod463.flac16/csexton2005-11-04.jwmod463.d01.t13_vbr.mp3,CharlieSexton_WishingTree.mp3,427,195201
1046,People,Chasing Edison,"Live at The Neighborhood Theatre, Charlotte on 2010-06-25",http://www.archive.org/download/chasingedison2010-06-25/chasingedison2010-06-25d1t01.mp3,ChasingEdison_People.mp3,384,192489
1048,7 Escape Artist,Chemtrail,Live at The Saint on 2010-03-26,http://www.archive.org/download/chm2010-03-26.saint.flac/7Energy.mp3,Chemtrail_7EscapeArtist.mp3,268,197990
1050,Going Up the Country ** %,Chicago Farmer,Live at Three Sisters Park - Campfire Stage on 2010-05-30,http://www.archive.org/download/ChicagoFarmer2010-05-30.latenight/ChicagoFarmer2010-05-31-t12.mp3,ChicagoFarmer_GoingUptheCountry**%.mp3,274,185646
1052,Fool To Think,Chris Lane,Live at SHOUTcast on 2004-04-14,http://www.archive.org/download/clane2004-04-14.shnf/clane2004-04-14d1t12_vbr.mp3,ChrisLane_FoolToThink.mp3,344,127704
1054,You Done Me Wrong,Cindy Woolf,Live at The Record Bar on 2006-02-01,http://www.archive.org/download/cindywoolf2006-02-01.shnf/cindywoolf2006-02-01d1t02_vbr.mp3,CindyWoolf_YouDoneMeWrong.mp3,179,197324
1056,delf20080410d2t04flac,Club dElf,Live at The Lizard Lounge on 2008-04-10,http://www.archive.org/download/delf2008-04-10.mk21.flac16/delf2008-04-10d2t04_vbr.mp3,ClubdElf_delf20080410d2t04flac.mp3,455,201589
1058,Me And You,Comfort Station,Live at Irene's Pub on 2004-04-24,http://www.archive.org/download/comfort2004-04-24.bmc3.shnf/comfort2004-04-24d1t02_vbr.mp3,ComfortStation_MeAndYou.mp3,420,186664
1060,Easy Living,Coon Phat Gravy,Live at The Soap Box on 2005-01-20,http://www.archive.org/download/cpg2005-01-20.sbd/cpg2005-01-20t06_vbr.mp3,CoonPhatGravy_EasyLiving.mp3,384,127874
1062,Jam,Cosmic Railroad,Live at The Rave on 2008-05-17,http://www.archive.org/download/crr2008-05-17.matrix.flac16/crr2008-05-17d1t08_vbr.mp3,CosmicRailroad_Jam.mp3,565,191187
1064,Beggar at the Manor,Cousin Fungus,Live at The Black Oak Tavern on 1999-05-06,http://www.archive.org/download/cfungus1999-05-06.shn/cfungus1999-05-06d1t04_vbr.mp3,CousinFungus_BeggarattheManor.mp3,301,128546
1066,jack move,DCarlo,'Carlo Live at Bell's Brewery on 2005-10-14,http://www.archive.org/download/dcarlo2005-10-14.shn/dcarlo2005-10-14t03_vbr.mp3,DCarlo_jackmove.mp3,558,202991
1068,Earthgirl,Dan Bern,Live at Housing Works on 2004-03-26,http://www.archive.org/download/dbern2004-03-26.flac16/dbern2004-03-26d1t03_vbr.mp3,DanBern_Earthgirl.mp3,409,194214
1070,colorado storm,Dana Monteith and Iowa80,Live at Larkin Lounge 199 Lark St. on 2004-02-28,http://www.archive.org/download/dmi80-2004-02-28.flac16/dmi80-2004-02-28T06_vbr.mp3,DanaMonteithandIowa80_coloradostorm.mp3,234,141008
1072,Cowgirl,Dann Ottemiller,Live at ABC on 2008-04-25,http://www.archive.org/download/DannOttemiller2008-04-25.AKG483/dwo2008-04-25_AKG483tr02_vbr.mp3,DannOttemiller_Cowgirl.mp3,444,206716
1074,The Ghost of Woodie Guthrie,Dave Wilson Chatham County Line, Live at Berkeley Cafe on 2009-01-30,http://www.archive.org/download/davewilson2009-01-30/DaveWilson-BerkeleyCafe-2009-01-30t03_vbr.mp3,DaveWilsonChathamCountyLine_TheGhostofWoodieGuthrie.mp3,243,206087
1076,6299,DayDrug,Live at LaBoca on 2007-09-28,http://www.archive.org/download/DayDrug2007-09-28/DayDrug2007-09-28t02_vbr.mp3,DayDrug_6299.mp3,236,216079
1078,Southbound Train,Dead Mens Hollow,Live at State Theatre on 2005-05-19,http://www.archive.org/download/dmh2005-05-19.flac16/dmh2005-05-19d1t02_vbr.mp3,DeadMensHollow_SouthboundTrain.mp3,177,189590
1080,deadstringbros20090912d1t08flac,Deadstring Brothers,Live at Bloodshot Records Hideout Block Party on 2009-09-12,http://www.archive.org/download/deadstringbrothers2009-09-12/deadstringbros2009-09-12d1t08.mp3,DeadstringBrothers_deadstringbros20090912d1t08flac.mp3,192,192470
1082,Stoop Down,DelRay Blues,Live at J.B. McMinnions on 2006-04-29,http://www.archive.org/download/drb2006-04-29.flac16/drb2006-04-29d1t02_vbr.mp3,DelRayBlues_StoopDown.mp3,471,206991
1084,Earth Reggae,Delta Nove,Live at Wakarusa Music Festival on 2007-06-08,http://www.archive.org/download/dnove2007-06-08.matrix.flac16/dnove2007-06-08.matrix.t05_vbr.mp3,DeltaNove_EarthReggae.mp3,470,196100
1086,Apple,Dilute,Live at Edinburgh Castle on 2002-08-24,http://www.archive.org/download/dilute2002-08-24.flac/dilute2002-08-24t01_vbr.mp3,Dilute_Apple.mp3,185,190620
1088,American Beauty,Donna Jean and the Tricksters,Live at Potomac Pavilion on 2007-07-01,http://www.archive.org/download/djt2007-07-01.aud.flac16/djt2007-07-01d1t01_vbr.mp3,DonnaJeanandtheTricksters_AmericanBeauty.mp3,485,186646
1090,Unknown,Dr Jah and the Love Prophets,Live at Revolution Hall on 2009-03-06,http://www.archive.org/download/drjah2009-03-06.revolutionhall.flac/drjah2009-03-06d2t08_vbr.mp3,DrJahandtheLoveProphets_Unknown.mp3,459,200226
1092,Dont Be Afraid,EBE,Live at Desmond's Tavern - Harrison Young Solo Performance on 2006-09-15,http://www.archive.org/download/EBE2006-09-15.Harrison_Young_soloPerformance/EBE2006-09-15d1t03_vbr.mp3,EBE_DontBeAfraid.mp3,211,131897
1094,Texas 2 Step,Easy Corner,Live at Sway's Basement on 2002-03-01,http://www.archive.org/download/ezc2002-03-01.tascam4trk.flac16/ezc.2002-03-01.tascam4trk.d1t02_vbr.mp3,EasyCorner_Texas2Step.mp3,219,129053
1096,Fist City,Eilen Jewell,Live at Narrows Center for the Arts on 2010-01-15,http://www.archive.org/download/eilenjewell2010-01-15.mtx.flac16/eilenjewell2010-01-15t15_vbr.mp3,EilenJewell_FistCity.mp3,249,159520
1098,eld20080611t03flac,Eld,Live at The Bike Barn on 2008-06-11,http://www.archive.org/download/eld2008-06-11.flac16/eld2008-06-11t03_vbr.mp3,Eld_eld20080611t03flac.mp3,324,205022
1100,The Letter,Elmwood Band,Live at Mountain Jam VI - Hunter Mtn Ski Area on 2010-06-04,http://www.archive.org/download/elmwood2010-06-04.akg483.flac16/elmwood2010-06-04t01.mp3,ElmwoodBand_TheLetter.mp3,353,196103
1102,Forward,Emmanuel Selassie,Live at Santa Cruz Community Television on 2009-04-01,http://www.archive.org/download/es2009-04-01.sbd/es2009-04-01dlt01_vbr.mp3,EmmanuelSelassie_Forward.mp3,283,144890
1104,Its Your Thing,Engine,Live at McDonald Theatre on 2009-04-04,http://www.archive.org/download/skce2009-04-04/skce2009-04-04d2t05_vbr.mp3,Engine_ItsYourThing.mp3,709,197472
1106,Prelude 1 by Villa Lobos with Flamenco intro,Erez Perelman,Live at The Lor House on 2006-01-12,http://www.archive.org/download/erez2006-01-12.at831.flac16/erez2006-01-12t03_vbr.mp3,ErezPerelman_Prelude1byVillaLoboswithFlamencointro.mp3,182,127734
1108,give up the game,Evan Kremin,Live at The Bitter End on 2007-12-28,http://www.archive.org/download/ek2007-12-28.spcmc2.flac16/ek2007-12-28d1t11_vbr.mp3,EvanKremin_giveupthegame.mp3,225,108160
1110,Hollywood,Fancy Trash,Live at The Elevens on 2005-12-03,http://www.archive.org/download/fancytrash2005-12-03shn/ft2005-12-03t07_vbr.mp3,FancyTrash_Hollywood.mp3,266,190234
1112,Eyes of the World >,Fennario,Live at Spiritual Haze on 2008-07-26,http://www.archive.org/download/Fennario2008-07-26.Spiritual.Haze_Worcester.MA_FLAC/fen2008-07-26_D208_Eyes_of_the_World_vbr.mp3,Fennario_EyesoftheWorld>.mp3,713,129094
1114,finadupa20060415d1t04flac,Fina Dupa,Live at 3 Kings Tavern on 2006-04-15,http://www.archive.org/download/finadupa2006-04-15.akg393.flac16/finadupa2006-04-15d1t04_vbr.mp3,FinaDupa_finadupa20060415d1t04flac.mp3,327,220842
1116,Fahreed is the Devil,Flipoff Pirates,Live at Chester's on 2002-10-20,http://www.archive.org/download/fop2002-10-20.csb.shnf/FOP-Chesters10-20-2-06-FahreedistheDevil_vbr.mp3,FlipoffPirates_FahreedistheDevil.mp3,288,193714
1118,Bullets,Four Finger Five,Live at Rothbury Music Festival on 2009-07-04,http://www.archive.org/download/fourfingerfive2009-07-04/fourfingerfive2009-07-04t10_vbr.mp3,FourFingerFive_Bullets.mp3,419,211368
1120,You Just Like To Lose,Frank Smith,Live at KAOS Radio on 2007-07-10,http://www.archive.org/download/fsmith2007-07-10/fsmith2007-07-10t10_vbr.mp3,FrankSmith_YouJustLikeToLose.mp3,266,127732
1122,What Went Down,Frog Holler,Live at The Brass Lantern on 2003-05-03,http://www.archive.org/download/frogholler2003-05-03.s1.sbd.flac16/frogholler2003-05-03s1t09.mp3,FrogHoller_WhatWentDown.mp3,294,123490
1124,d2t06,Fruition,Live at 720 Club on 2009-02-05,http://www.archive.org/download/fruition2009-02-05.flac16/fruition2008-02-05d2t06_vbr.mp3,Fruition_d2t06.mp3,355,209159
1126,fungus20070915t05flac,Fungus Amungus,"Live at Wormtown Music Festival, Camp Kee-Wanee on 2007-09-15",http://www.archive.org/download/fungus2007-09-15.zoomh4flac16/fungus2007-09-15t08.flac,FungusAmungus_fungus20070915t05flac.mp3,674,352000
1128,She Walks The Line,Funky Butter,Live at Trocadero Theatre (Brotherly Shove Fest) on 2006-07-07,http://www.archive.org/download/funkyb2006-07-07.sbd.flac16/funkyb2006-07-07.sbd.d1t02_vbr.mp3,FunkyButter_SheWalksTheLine.mp3,505,127707
1130,From Inside You >,Gary Backstrom Band,Live at Wake Up The Earth Festival on 2009-05-02,http://www.archive.org/download/gbb2009-05-02.wute-matrixflac16/gbb2009-05-02wute-t05_vbr.mp3,GaryBackstromBand_FromInsideYou>.mp3,478,203372
1132,Belief,Gavin DeGraw,Live at Great American Rib Cook-off (Tower City Amphitheater) on 2004-05-30,http://www.archive.org/download/gdegraw2004-05-30.shnf/gdegraw2004-05-30t07_vbr.mp3,GavinDeGraw_Belief.mp3,232,173058
1134,Song for April 24 2005  >    04:15,Geoff Peters Band,Live at Capilano Golf and Country Club on 2005-04-24,http://www.archive.org/download/geopet2005-04-24.flac16/geopet2005-04-24d1t01_vbr.mp3,GeoffPetersBand_SongforApril242005>04:15.mp3,255,183762
1136,Instrumental Intro,Gift of Tongues,Live at The Sahara Club on 2007-01-28,http://www.archive.org/download/gitongues2007-01-28.flac16/giftot2007-01-28t01_vbr.mp3,GiftofTongues_InstrumentalIntro.mp3,171,192293
1138,Tube >,Give Us the Money Lebowski,Live at Snipe's Farm on 2009-05-09,http://www.archive.org/download/gutml2009-05-09.mk21.nbox.eq.flac24/gutml2009-05-09t01_vbr.mp3,GiveUstheMoneyLebowski_Tube>.mp3,586,204812
1140,Dream,Grand Theft Maidcart,Live at Sweet P's BBQ and Soul House on 2010-07-02,http://www.archive.org/download/gtm2010-07-02.matrix.flac16/gtm2010-07-02d1t04.mp3,GrandTheftMaidcart_Dream.mp3,428,200128
1142,Playin In The Band >,Grateful Dead,Live at Morgantown Civic Center on 1983-04-10,http://www.archive.org/download/gd83-04-10.senn441.unknown.14191.sbeok.shnf/gd83-04-10d2t08_vbr.mp3,GratefulDead_PlayinInTheBand>.mp3,266,196601
1144,Crushed Eyeliner,Greenstreet,Live at The Magic Bag on 2005-05-20,http://www.archive.org/download/gs2005-05-20/gs2005-05-20t05_vbr.mp3,Greenstreet_CrushedEyeliner.mp3,272,192256
1146,Dont Wait,Greyhounds,Live at Stubbs on 2005-01-09,http://www.archive.org/download/Greyhounds2005-01-09/Greyhounds2005-01-09d02t02_vbr.mp3,Greyhounds_DontWait.mp3,395,200797
1148,groovetrust20030315shnf_filesxml,Groove Trust,Live at Lion's Den on 2003-03-15,http://www.archive.org/download/groovetrust2003-03-15.shnf/groovetrust2003-03-15d1t01_vbr.mp3,GrooveTrust_groovetrust20030315shnf_filesxml.mp3,437,154830
1150,The Moon,Guta,Live at The Blind Tiger on 2006-04-22,http://www.archive.org/download/guta2006-04-22.flac16/guta2006-04-22d1t03_vbr.mp3,Guta_TheMoon.mp3,457,196278
1152,t09,Ha Ha the Moose,Live at moe.down tent on 2007-08-31,http://www.archive.org/download/hhtm2007-08-31.akg483/moose2007-08-31akg483t09_vbr.mp3,HaHatheMoose_t09.mp3,394,220668
1154,Sitting On Top Of The World,Hairy Larry,"Live at Bunkys Breakfast, Helena Arkansas on 2006-10-05",http://www.archive.org/download/hl2006-10-05.Live_At_Bunkys_Breakfast/hl2006_10_05d1t03sitting_on_top_of_the_world_vbr.mp3,HairyLarry_SittingOnTopOfTheWorld.mp3,235,129240
1156,Life of Sin,Hank Williams III,Live at Alley Katz on 2004-02-20,http://www.archive.org/download/hw3-2004-02-20.aud.flacf/hw3-20040220-aud-d2t02_vbr.mp3,HankWilliamsIII_LifeofSin.mp3,187,235015
1158,Find,Harmonic Tide,Live at JD's Bar & Grill on 2007-12-27,http://www.archive.org/download/harmonictide2007-12-27.harmonictide/04Find_vbr.mp3,HarmonicTide_Find.mp3,362,161518
1160,HDanger20000824T02shn,Harvey Danger,Live at Hatch Memorial Shell on 2000-08-24,http://www.archive.org/download/Hdanger2000-08-24.shnf/HDanger2000-08-24T02_vbr.mp3,HarveyDanger_HDanger20000824T02shn.mp3,209,191206
1162,HHS20060712d1t02flac,Hedgepath  Hoover  and Sipe,Live at The Bohemian on 2006-07-12,http://www.archive.org/download/HHS2006-07-12.Bohemiannew/HHS2006-07-12d1t02_vbr.mp3,HedgepathHooverandSipe_HHS20060712d1t02flac.mp3,470,195257
1164,The Superficial Deep,Hi8us,Live at The Paradise on 2005-10-29,http://www.archive.org/download/hi8us-2005-10-29.flac16/Hi8us2005-10-29T01_vbr.mp3,Hi8us_TheSuperficialDeep.mp3,502,198643
1166,Big Thanks,Hokey,Live at Java Joint on 2004-03-06,http://www.archive.org/download/hokey2004-03-06/hokey2004-03-06t03_vbr.mp3,Hokey_BigThanks.mp3,246,168216
1168,Fool to Remain,Honkytonk Homeslice,Live at Spring Creek Ranch on 2006-02-09,http://www.archive.org/download/HTHS2006-02-09FLAC/HTHS2006-02-09d1t09_vbr.mp3,HonkytonkHomeslice_FooltoRemain.mp3,465,194868
1170,Freight Train,Husky Pants and the Rail,Live at Market Cross Pub on 2010-01-22,http://www.archive.org/download/hpr2010-01-22/hpr2010-01-22d1t01_vbr.mp3,HuskyPantsandtheRail_FreightTrain.mp3,399,152986
1172,ianthomas20080510t04flac,Ian Thomas,Live at Sylvia Theater on 2008-05-10,http://www.archive.org/download/ianthomas2008-05-10.flacf16/ianthomas2008-05-10t04_vbr.mp3,IanThomas_ianthomas20080510t04flac.mp3,320,188083
1174,She Aint No Betty,Indecision,Live at Toad's Place on 2008-12-27,http://www.archive.org/download/indecision2008-12-27..flac/Indecision2008-12-27d1t02_vbr.mp3,Indecision_SheAintNoBetty.mp3,318,204255
1176,Los Cerritos,Is,a Weapon Live at The Stone Church on 2007-05-05,http://www.archive.org/download/diaw2007-05-05.at853.flac16f/diaw2007-05-05d1t07_vbr.mp3,Is_LosCerritos.mp3,472,219949
1178,Luminescent,J Wail,Live at The Summit on 2010-03-19,http://www.archive.org/download/J.WAIL2010-03-19.J.WAIL2010-03-19/5luminescent.mp3,JWail_Luminescent.mp3,715,195528
1180,Mr Spaceman The Byrds,Jackass Flats,Live at Rolling Run Farm on 2009-11-07,http://www.archive.org/download/jaf2009-11-07._multitracked/jaf2009-11-09RollingRun_s1d08_vbr.mp3,JackassFlats_MrSpacemanTheByrds.mp3,157,156512
1182,Risk The Fall,JamesHunnicutt,Live at Knotty Pine on 2009-06-13,http://www.archive.org/download/jameshunnicutt2009-06-13/jameshunnicutt20090613d01t15_vbr.mp3,JamesHunnicutt_RiskTheFall.mp3,177,129850
1184,Predictable,Jarflys,Live at Armadillo's on 2008-02-26,http://www.archive.org/download/jarflys2008-02-26.cabbage.SSDSM6SL.flac16/jarflys2008-02-26t03_vbr.mp3,Jarflys_Predictable.mp3,476,198683
1186,Song,Jeff Raudebaugh,Live at The Temple Club on 2005-03-24,http://www.archive.org/download/jraudebaugh2005-03-24.flac16/jraudebaugh2005-03-24d1t13_vbr.mp3,JeffRaudebaugh_Song.mp3,198,189484
1188,Breakdown,Jeremy Shier,Live at Smiling Buddha on 2006-19-25,http://www.archive.org/download/jershier2006-10-25/jershier2006-10-25t02_vbr.mp3,JeremyShier_Breakdown.mp3,371,130236
1190,She Said He Said,Jims Big Ego,Live at Mama Kin's on 1996-06-21,http://www.archive.org/download/jbe1996-06-21.flac16f/jbe1996-06-21t03_vbr.mp3,JimsBigEgo_SheSaidHeSaid.mp3,437,127779
1192,Messin With The Kid,John Forth Band,Live at SKIPPACK ROADHOUSE GRILLE on 2007-08-03,http://www.archive.org/download/JFB2007-08-03.Live_at_Skippack_Roadhouse/MessinWithTheKid_vbr.mp3,JohnForthBand_MessinWithTheKid.mp3,279,161916
1194,Intrepid Traveler,John Mullins,Band Live at Chelsie's on 1998-06-19,http://www.archive.org/download/jmband1998-06-19.AKG461.flac16/jmband1998-06-19.AKG461.d1t03_vbr.mp3,JohnMullins_IntrepidTraveler.mp3,427,191633
1196,Breakdown Baby,Johny Vegas,Live at Nietzsche's on 1999-03-13,http://www.archive.org/download/johnyv1999-03-13.flac16/johnyv1999-03-13t17_vbr.mp3,JohnyVegas_BreakdownBaby.mp3,265,128141
1198,jonscales20090423t03flac,Jonathan Scales Fourchestra,Live at Double Door Inn on 2009-04-23,http://www.archive.org/download/jonscales2009-04-23.flacf16/jonscales2009-04-23t03_vbr.mp3,JonathanScalesFourchestra_jonscales20090423t03flac.mp3,550,180748
1200,Heart Of The Rhythm,Jono Manson,Live at Teatro S.M. Toscanini on 2003-03-15,http://www.archive.org/download/jono2003-03-15.flac16/jono2003-03-15d1t07_vbr.mp3,JonoManson_HeartOfTheRhythm.mp3,246,184274
1202,My Guitar,Jump  Little Children,Live at Orpheum Theatre on 1999-10-30,http://www.archive.org/download/jlc1999-10-30.shnf/jlc1999-10-30t06_vbr.mp3,JumpLittleChildren_MyGuitar.mp3,269,216208
1204,Instrumental,Kanvus,Live at High Sierra Music Festival on 2007-07-07,http://www.archive.org/download/kanvus2007-07-07.flac/kanvus2007-07-07d1t04_vbr.mp3,Kanvus_Instrumental.mp3,647,206826
1206,I Dont Want To Spoil the Party,Kasey Rausch,Live at The Replay Lounge on 2008-07-06,http://www.archive.org/download/kaseyrausch2008-07-06/kaseyrausch2008-07-06t08_vbr.mp3,KaseyRausch_IDontWantToSpoiltheParty.mp3,202,199395
1208,Cliche,Kenin,Live at 930 Club on 2004-07-03,http://www.archive.org/download/kenin2004-07-03/Kenin2004-07-03d1t03_vbr.mp3,Kenin_Cliche.mp3,329,127722
1210,The Jigs Up,Kings In Disguise,Live at The Pattenburg House on 2002-12-13,http://www.archive.org/download/kid2002-12-13.shnf/kid02-12-13t01_vbr.mp3,KingsInDisguise_TheJigsUp.mp3,140,213440
1212,Chakrabarty Overdrive** Todd Stoops,Kung FuBand,Live at Mexicali on 2010-05-06,http://www.archive.org/download/KungFu2010-05-06.AKG483/KungFu2010-05-06d1t07.mp3,KungFuBand_ChakrabartyOverdrive**ToddStoops.mp3,655,210455
1214,All Inside,Kyle Hollingsworth Band,Live at Bart's CD Cellar on 2009-09-19,http://www.archive.org/download/khb2009-09-19.barts.flac16/KyleHollingsworth2009-09-19Barts06_vbr.mp3,KyleHollingsworthBand_AllInside.mp3,317,191791
1216,Confused Me,Lake Shore Vibe,Live at WIU Square on 2010-04-17,http://www.archive.org/download/LSV2010-04-17.flac/04confusedMe.mp3,LakeShoreVibe_ConfusedMe.mp3,216,128615
1218,One World,Laura Reed and Deep Pocket,Live at Neighborhood Theater on 2009-03-20,http://www.archive.org/download/lrdp2009-03-20.nt/lrdp20090320d1t09_vbr.mp3,LauraReedandDeepPocket_OneWorld.mp3,356,197814
1220,The Dragon,Lauren Hoffman,Live at Genghis Cohen on 2005-10-27,http://www.archive.org/download/lhoffman2005-10-27.km140.flac16/lhoffman2005-10-27t05_vbr.mp3,LaurenHoffman_TheDragon.mp3,239,177283
1222,lr20070729s1t02flac,Liquid Revival,Live at Van Eden Ranch on 2007-07-29,http://www.archive.org/download/lr2007-07-29.flac16/lr2007-07-29s1t02_vbr.mp3,LiquidRevival_lr20070729s1t02flac.mp3,321,203840
1224,Take it to the Road soundcheck,Little Mountain Band,"Live at JAM.BOREE, Irish Hill Road, on 2010-06-20",http://www.archive.org/download/lmb2010-06-20.4041.flac16/lmb2010-06-20.4041.t01.mp3,LittleMountainBand_TakeittotheRoadsoundcheck.mp3,281,189265
1226,Jam >,London File,Live at Blue Star on 2005-04-15,http://www.archive.org/download/londonfile2005-04-15.flac/londonfile2005-04-15d1t02_vbr.mp3,LondonFile_Jam>.mp3,163,173436
1228,Alice,Lost in America,Live at The Grand Cafe on 2004-04-10,http://www.archive.org/download/LIA20040410/LIA20040410-09_vbr.mp3,LostinAmerica_Alice.mp3,289,144466
1230,Lemonade Stand Tycoon,MJ Project,Live at WKDU FM 91.7 on 2006-03-20,http://www.archive.org/download/mjp2006-03-20.flac/mjp2006-03-20.flac16/mjp2006-03-20d1t02_vbr.mp3,MJProject_LemonadeStandTycoon.mp3,374,203393
1232,Triangle,MVR,Live at Mishawaka Brewing Co. on 2007-08-28,http://www.archive.org/download/mvr2007-08-28.sbd.flac/mvr2007-08-28d2t04_vbr.mp3,MVR_Triangle.mp3,517,202464
1234,The Monkey and The Lion,Makepeace Brothers,Live at Troubadour on 2008-04-06,http://www.archive.org/download/makepeacebros2008-04-06.mk4.flac16/makepeacebros2008-04-06t05_vbr.mp3,MakepeaceBrothers_TheMonkeyandTheLion.mp3,205,197056
1236,Let the Record Ride,Mamas Cookin," Live at Telluride Town Park, Mainstage on 2008-09-12",http://www.archive.org/download/mc2008-09-12.SBD.FLAC/mc2008-09-12at04_vbr.mp3,MamasCookin_LettheRecordRide.mp3,303,207325
1238,Dont Slip Away on me Tonight,Manatawny Creek Ramblers,Live at Kempton Community Center on 2009-08-07,http://www.archive.org/download/MCR2009-08-07.sbd.multitrack.flac16/MCR2009-08-07t05_vbr.mp3,ManatawnyCreekRamblers_DontSlipAwayonmeTonight.mp3,175,156218
1240,Duncan and Brady,Mark Bilyeu,Live at The Record Bar on 2006-02-01,http://www.archive.org/download/markbilyeu2006-02-01.shnf/markbilyeu2006-02-01d1t09_vbr.mp3,MarkBilyeu_DuncanandBrady.mp3,209,174448
1242,Bad Liver And A Broken Heart Scott Nolan,Mark Jungers [Band], Live at Triple Crown on 2007-09-14,http://www.archive.org/download/markjungers2007-09-14.ds70p.flac/markjungers2007-09-14.ds70p.d2t17_BadLiverAndABrokenHeart_vbr.mp3,MarkJungers[Band]_BadLiverAndABrokenHeartScottNolan.mp3,328,134118
1244,5 GYPSY DREAM,Matthew Shadley Band,Live at City Nights Television Studio on 2004-07-30,http://www.archive.org/download/MSB2004-07-30.Matthew_Shadley_Band/5GypsyDream.mp3,MatthewShadleyBand_5GYPSYDREAM.mp3,238,179642
1246,Planets,Megan Slankard,Live at Jammin' Java on 2006-04-13,http://www.archive.org/download/mslankard2006-04-13.sbd.akg414.flac16/mslankard2006-04-13.sbd.akg414.d1t05_vbr.mp3,MeganSlankard_Planets.mp3,367,171333
1248,Blunt,Mieka Pauley,Live at Rockwood Music Hall on 2006-10-05,http://www.archive.org/download/mieka2006-10-05/mieka2006-10-05t10_vbr.mp3,MiekaPauley_Blunt.mp3,311,209286
1250,The Trouble That Im In,Missing String Band,Live at The Grumpy Troll on 2005-08-02,http://www.archive.org/download/misstring2005-08-02.shnf/misstring2005-08-02d3t07_vbr.mp3,MissingStringBand_TheTroubleThatImIn.mp3,192,127768
1252,Your Last Cigarette,Molly Hagen,Live at IOTA on 2009-08-29,http://www.archive.org/download/mollyhagen2009-08-29.akg461s.sbd.matrix.flac16/mollyhagen2009-08-29t05_vbr.mp3,MollyHagen_YourLastCigarette.mp3,298,180510
1254,Fire On the Mountain,Monkeys Typing,Live at Cyber Cafe West on 2009-04-23,http://www.archive.org/download/mt2009-04-23.MonkeysTyping/mt2009-04-23d1t05_vbr.mp3,MonkeysTyping_FireOntheMountain.mp3,538,180203
1256,Instant Puberty,Mosquito Death Squadron,Live at Wonderland Bar & Grill on 2006-09-14,http://www.archive.org/download/mds2006-09-14/mds2006-09-14t04_vbr.mp3,MosquitoDeathSquadron_InstantPuberty.mp3,107,221046
1258,Burn Baby,Mother Tongue,Live at Waschhaus on 2003-07-28,http://www.archive.org/download/mtongue2003-07-28.aud.flac16/mtongue2003-07-28d2t09_vbr.mp3,MotherTongue_BurnBaby.mp3,343,152942
1260,Crawling Up The Curb,Mountain of Venus,Live at Cervantes on 2004-07-08,http://www.archive.org/download/mov2004-07-08.sbd/mov2004-07-08d1t01_vbr.mp3,MountainofVenus_CrawlingUpTheCurb.mp3,521,144663
1262,Theme from A Fistful of Testicles,Mr Devious,Live at Arsenal Lanes on 2007-07-02,http://www.archive.org/download/dvus2007-07-02/dvus2007-07-02d1t14_vbr.mp3,MrDevious_ThemefromAFistfulofTesticles.mp3,365,225238
1264,The Mighty Quinn,Mumbouli,Live at The Fox Theatre on 2007-06-06,http://www.archive.org/download/mumbouli2007-06-06.sbd/mumbouli_2007-06-06_sbd_t16_vbr.mp3,Mumbouli_TheMightyQuinn.mp3,500,177731
1266,Octaves,NBFB,Live at Pearl St. on 2007-11-29,http://www.archive.org/download/nbfb2007-11-29/nbfb2007-11-29t3_vbr.mp3,NBFB_Octaves.mp3,376,198896
1268,See it Through,Nate Wilson,Group Live at The House of Blues on 2009-04-03,http://www.archive.org/download/nwg2009-04-03.480.ck3.flac/nwg2009-04-03.480.ck3.d1t01_vbr.mp3,NateWilson_SeeitThrough.mp3,298,195618
1270,Crossroads,Nationwide Coverage,Live at Cafe' Firenze on 2007-02-23,http://www.archive.org/download/nwc2007-02-23.flac/nwc2007-02-23d2t03_vbr.mp3,NationwideCoverage_Crossroads.mp3,199,218080
1272,tuning,New Leaf,Live at Nelson Ledges Quarry Park on 2005-04-30,http://www.archive.org/download/NewLeaf2005-04-30.flac.16/NewLeaf2005-04-30T01_vbr.mp3,NewLeaf_tuning.mp3,175,190106
1274,odeath2008051801flac,ODeath,Live at Mohawk Place on 2008-05-18,http://www.archive.org/download/odeath2008-05-18.aud.olympus.ls-10.flac16/odeath2008-05-18-01_vbr.mp3,ODeath_odeath2008051801flac.mp3,280,225962
1276,Tomorrow Today,Octopus,Live at Tanner's Creek on 2008-02-15,http://www.archive.org/download/oct2008-02-15._multitracked/oct2008-02-15d1t03TomorrowToday_vbr.mp3,Octopus_TomorrowToday.mp3,484,175118
1278,Down by the River,Oculus,Live at Ithaca Festival on 2005-06-05,http://www.archive.org/download/oculus2005-06-05.flacf/oculus2005-06-05d1t05_vbr.mp3,Oculus_DownbytheRiver.mp3,350,158526
1280,Difference Of Some Kind,Old Man Brown,Live at Baltimore Book Festival on 2009-09-25,http://www.archive.org/download/omb2009-09-25.mtx.flac16/omb2009-09-25t04_vbr.mp3,OldManBrown_DifferenceOfSomeKind.mp3,404,187662
1282,Schlickside,On the One,Live at Zebra Cocktail Lounge ,http://www.archive.org/download/OnTheOne2006-12-31.flac16/OnTheOne2006-12-31d2t03_vbr.mp3,OntheOne_Schlickside.mp3,384,127857
1284,Forget Think tell,Operatic,Live at Scolaris' Office on 2004-10-01,http://www.archive.org/download/operatic2004-10-01.at831.flac16/operatic2004-10-01d1t04_vbr.mp3,Operatic_ForgetThinktell.mp3,353,178386
1286,Keep Happy >,Papa Mali,Live at Winston's on 2007-03-10,http://www.archive.org/download/papamali2007-03-10.sbd.a51tl.matrix.flac16/papamali2007-03-10d2t01_vbr.mp3,PapaMali_KeepHappy>.mp3,681,187361
1288,Whiskey Song,Pete Thurston,Live at Coffee and Tea Leaf on 2002-12-13,http://www.archive.org/download/pthurston2002-12-13.at831.shnf/pthurston2002-12-13d1/pthurston2002-12-13d1t03_vbr.mp3,PeteThurston_WhiskeySong.mp3,307,164689
1290,Cryin,Peter Prince and the Trama Unit,Live at Snow Ridge Ski Area on 2003-08-31,http://www.archive.org/download/pptu2003-08-31.eac.flac16/pptu2003-08-31d1t02_vbr.mp3,PeterPrinceandtheTramaUnit_Cryin.mp3,343,195847
1292,China Girl,Pia Mater,Live at Jimmy Mac's on 2008-04-05,http://www.archive.org/download/PM2008-04-05.aud.flac16/pm2008-04-05d01t09_vbr.mp3,PiaMater_ChinaGirl.mp3,682,195796
1294,Bouquet,Pinback,Live at Bimbo's 365 on 2007-10-25,http://www.archive.org/download/pinback2007-10-25.cmc34.flac/Pinback_20071025_16441cmc34_d1t01_vbr.mp3,Pinback_Bouquet.mp3,281,199672
1296,First Tube,Polydypsia,Live at Temple Israel Synagogue on 2006-04-22,http://www.archive.org/download/poly2006-04-22.sbd.shn/poly2006-04-22-d2t04_vbr.mp3,Polydypsia_FirstTube.mp3,267,207002
1298,Evolution,Post Junction,Live at The Gallery @ State Theatre on 2008-02-08,http://www.archive.org/download/pjunk2008-02-08.akgsbd.flac/pjunk2008-02-08t11_vbr.mp3,PostJunction_Evolution.mp3,348,203206
1300,Alligator Hearts,Quinn W Shagbark,Live at The Rendezvous on 2005-01-21,http://www.archive.org/download/shagbark2005-01-21flac16/shagbark2005-01-21t07_vbr.mp3,QuinnWShagbark_AlligatorHearts.mp3,599,197410
1302,BusTrain,REK,Live at The Last Day Saloon on 2004-12-15,http://www.archive.org/download/REK2004-12-15.shnf/REK2004-12-15d01t03_vbr.mp3,REK_BusTrain.mp3,356,168885
1304,The Weight,Rachel Leber,Live at Trilogy on 2004-09-18,http://www.archive.org/download/rachel2004-09-18.flac16/rachel2004-09-18d1t6_vbr.mp3,RachelLeber_TheWeight.mp3,251,182898
1306,Dandelion Wine,Railroad Earth,Live at Last Day Saloon on 2002-03-01,http://www.archive.org/download/rre2002-03-01.flac16/rre2002-03-01d02t04_vbr.mp3,RailroadEarth_DandelionWine.mp3,361,199092
1308,d2t04 I Know Youll Find,Ralph Roddenbery Band,Live at Deep River Music Festival on 2009-05-03,http://www.archive.org/download/RalphRoddenbery2009-05-03.NAKS.MX100.flac16/D2t04IKnowYoullFind_vbr.mp3,RalphRoddenberyBand_d2t04IKnowYoullFind.mp3,331,211471
1310,Turn Your Lights Down Low Bob Marley,Reed Foehl,Live at Webster Underground on 2003-08-21,http://www.archive.org/download/rfoehl2003-08-21.sbd.flac/rfoehl2003-08-21t04_vbr.mp3,ReedFoehl_TurnYourLightsDownLowBobMarley.mp3,403,182992
1312,The Night,Reggie Watson,Live at River Street Jazz Cafe on 2009-10-17,http://www.archive.org/download/reggiewatson2009-10-17.sbd.schoeps.wklitz.flac16/reggiewatson2009-10-17t02.mp3,ReggieWatson_TheNight.mp3,593,150432
1314,Im always in Love,Ric Soens and Jimi Tarnowski Tavern Tour,Live at Softails on 2005-11-04,http://www.archive.org/download/rjtt2005-11-04.sbd.tarnowski.shnf/rjtt2005-11-04d1t05_vbr.mp3,RicSoensandJimiTarnowskiTavernTour_ImalwaysinLove.mp3,192,183928
1316,And The Rain Crashed Down,Robbie Schaefer,Live at Beachland Tavern on 2005-08-03,http://www.archive.org/download/rs2005-08-03.flac16/d1/rs2005-08-03d1t02_vbr.mp3,RobbieSchaefer_AndTheRainCrashedDown.mp3,250,194649
1318,rwtc20040421d2t3flac,Robert Walters 20th Congress,Live at The Green Room on 2004-04-21,http://www.archive.org/download/rwtc2004-04-21.flac16/rwtc2004-04-21d2t3_vbr.mp3,RobertWalters20thCongress_rwtc20040421d2t3flac.mp3,201,203211
1320,Tuning_ Intro,Rootstand,Live at Boykin Ball @ The Church of Universal Love & Music on 2005-09-10,http://www.archive.org/download/rootstand2005-09-10.mimna_sbd/rootstand2005-09-10d1t01_vbr.mp3,Rootstand_Tuning_Intro.mp3,289,136184
1322,Kuma,Rubblebucket,Live at Strange-Creek Campout on 2009-05-24,http://www.archive.org/download/rbo2009-05-25.3SourceMatrix.flac/rbo2009-05-24.3source.16-44.d1t04_vbr.mp3,Rubblebucket_Kuma.mp3,393,190439
1324,rumpkemb032808set2t02flac,Rumpke Mountain Boys,Live at Japers on 2008-03-28,http://www.archive.org/download/rumpkemb2008-03-28/rumpkemb032808set2t02_vbr.mp3,RumpkeMountainBoys_rumpkemb032808set2t02flac.mp3,373,193977
1326,To Be Young Is To Be Sad Is To Be High,Ryan Adams,Live at The Palace on 2005-07-27,http://www.archive.org/download/ryanadams2005-07-27.sbd.flac16/ryanadams2005-07-27d1t04_vbr.mp3,RyanAdams_ToBeYoungIsToBeSadIsToBeHigh.mp3,303,177526
1328,Galway Girl,Ryan Miller,Live at Melodic Revolution on 2007-02-22,http://www.archive.org/download/rmiller2007-02-22/rmiller2007-02-2205_vbr.mp3,RyanMiller_GalwayGirl.mp3,216,163743
1330,She arives with the sunshine,Sara Petite,Live at LeStats Coffee House on 2005-04-28,http://www.archive.org/download/sarahpetite2005-04-28.at831.flac16/SarahPetite2005-04-28t06_vbr.mp3,SaraPetite_Sheariveswiththesunshine.mp3,179,172731
1332,People See,Scam,Live at The Pour House on 2007-10-11,http://www.archive.org/download/scam2007-10-11.flac16/scam2007-10-11d1t02_vbr.mp3,Scam_PeopleSee.mp3,270,201709
1334,Troubled Times,Secret Government,Live at CODA on 2006-01-21,http://www.archive.org/download/secgov2006-1-21.matrix.flac16/secgov2006-1-21t07_vbr.mp3,SecretGovernment_TroubledTimes.mp3,322,175542
1336,Chocolate,Sfunk,Live at The Boom Boom Room on 2004-02-11,http://www.archive.org/download/sfunk2004-02-11.flac16/sfunk2004-02-11d1t03_vbr.mp3,Sfunk_Chocolate.mp3,489,202111
1338,New Orleans,Shawn Nelson and the Ramblers,Live at ATX Music Festival on 2006-04-29,http://www.archive.org/download/SNR2006-04-29.flac16/snr20060429D01T10_vbr.mp3,ShawnNelsonandtheRamblers_NewOrleans.mp3,279,185285
1340,Track 03,Silence The Sky,Live at Thanksgathering VIII - Ziggy's on 2006-11-25,http://www.archive.org/download/silence2006-11-25.flac16/silence2006-11-25t03_vbr.mp3,SilenceTheSky_Track03.mp3,283,199845
1342,Life is Water,Sim Redmond Band,Live at Hanover Square on 2007-09-20,http://www.archive.org/download/srb2007-09-20.spyder9.flac16/srb2007-09-20.spyder9.flac16/srb2007-09-20d1t02.spyder9.flac16_vbr.mp3,SimRedmondBand_LifeisWater.mp3,280,203451
1344,Dyin All Day At The Hotel Evergreen,Sky Burial,Live at The Living Room on 2006-03-17,http://www.archive.org/download/skyb2006-03-17.flac16/skyb2006-03-17t04_vbr.mp3,SkyBurial_DyinAllDayAtTheHotelEvergreen.mp3,306,164473
1346,Half a Mind,Slammin Jack,Live at Media Club on 2005-12-30,http://www.archive.org/download/slamminjack2005-12-30.flac16/slamminjack2005-12-30set2t02_vbr.mp3,SlamminJack_HalfaMind.mp3,615,217100
1348,Cuidado,Slo-Mo,Live at The Fire on 2005-03-01,http://www.archive.org/download/slomo2005-03-01.shnf/slomo2005-03-01d1t12_vbr.mp3,Slo-Mo_Cuidado.mp3,215,200399
1350,Perfect,Smashing Pumpkins,Live at Koyakuin University on 1998-06-24,http://www.archive.org/download/tsp1998-06-24..early.at822/tsp1998-06-24d1t03_vbr.mp3,SmashingPumpkins_Perfect.mp3,204,213125
1352,Bucket of Ham,Snuckafoo,Live at Martyr's on 2009-06-07,http://www.archive.org/download/Snuckafoo2009-06-07_327/2009-06-07d2tr2_vbr.mp3,Snuckafoo_BucketofHam.mp3,368,190923
1354,Old Time Musik,SoloS Unit,Live at Rubber Soul on 2005-05-09,http://www.archive.org/download/solos2005-05-09.pimpsandhos/SoloS2005-05-09.pimpsandhos/SoloS2005-05-09d1t08_vbr.mp3,SoloSUnit_OldTimeMusik.mp3,502,184138
1356,Song Is All,Sons of Bill,Live at 123 Pleasant St. on 2009-10-08,http://www.archive.org/download/sob2009-10-08.flac16/sob2009-10-08t07_vbr.mp3,SonsofBill_SongIsAll.mp3,294,202635
1358,The Wet Spot,Southern Culture On The Skids,Live at Graceland ,http://www.archive.org/download/SCOTS2004-05-07.shnf/SCOTS2004-05-07D1T09_vbr.mp3,SouthernCultureOnTheSkids_TheWetSpot.mp3,157,213126
1360,Pleasure Appointment,Spookie Daly Pride,Live at Main Stage - Bearcat's Getaway on 2004-08-06,http://www.archive.org/download/sdp2004-08-06.flac16/sdp2004-08-06d1t01_vbr.mp3,SpookieDalyPride_PleasureAppointment.mp3,351,195548
1362,Track 4,Spred The Dub,Live at City Limits on 2008-01-17,http://www.archive.org/download/std2008-01-17.flac/std2008-01-17d1t04_vbr.mp3,SpredTheDub_Track4.mp3,239,207701
1364,Sparks From The Fire,State Your Mind,Live at Tammany Hall on 2009-03-13,http://www.archive.org/download/stateyourmind2009-03-13.Schoeps_mk22_16bit/stateyourmind2009-03-13_mk22_1644_FLAC/stateyourmind2009-03-13_mk22_1644_d1t06_vbr.mp3,StateYourMind_SparksFromTheFire.mp3,438,206161
1366,Fresh Jam > Rain,Stellar Road,Live at Otto's on 2007-03-16,http://www.archive.org/download/StellarRoad2006-03-16.sr77.ps2.r09.flac16/StellarRoad2007-03-16D1T03_vbr.mp3,StellarRoad_FreshJam>Rain.mp3,652,209094
1368,Walls Of Jordan,Steve Johnson [Band], Live at The great Blue Heron on 2009-07-04,http://www.archive.org/download/sjb2009-07-04.nak300.Bgreen.lmpp1804.flac16/SJB2009-07-04d1t08_vbr.mp3,SteveJohnson[Band]_WallsOfJordan.mp3,415,208091
1370,Unter dem Radar,Stichprobe,Live at p.m.k on 2009-12-11,http://www.archive.org/download/stichprobe2009-12-11.flac16/stichprobe2009-12-11t10_vbr.mp3,Stichprobe_UnterdemRadar.mp3,240,132760
1372,Nothing Left to Burn,Stone Groove,Live at Legend Valley on 2005-08-12,http://www.archive.org/download/stonegroove2005-08-12.shnf/sg2005-08-12-d2t04_vbr.mp3,StoneGroove_NothingLefttoBurn.mp3,327,142081
1374,Extinguish,Strike Anywhere,Live at Trabendo on 2009-02-17,http://www.archive.org/download/strikeany2009-02-17.flac16/strikeany2009-02-17t10_vbr.mp3,StrikeAnywhere_Extinguish.mp3,181,197008
1376,banter,Subdudes,Live at Tupelo Music Hall on 2009-12-06,http://www.archive.org/download/subdudes2009-12-06.akg483-marantz671-flac16/subdudes2009-12-06t09_vbr.mp3,Subdudes_banter.mp3,92,188104
1378,Redemption Song*,Sunday Gravy,Live at Skipper's Dock on 2009-09-06,http://www.archive.org/download/sg2009-09-06.sb.nak.shivaho.flac16/sg2009-09-06d1t05.sb.nak.shivaho.flac16.mp3,SundayGravy_RedemptionSong*.mp3,394,169526
1380,Emergency,Super 400,Live at Abbey Lounge on 2005-12-16,http://www.archive.org/download/s400-2005-12-16.flac16/s400-2005-12-16d1t07_vbr.mp3,Super400_Emergency.mp3,256,189396
1382,Amazing Grace,Suzanne Michell Trio,Live at Craighead Forest Bandshell on 2010-05-23,http://www.archive.org/download/sm2010-05-23/sm2010-05-23d1t06-Suzanne_Michell_Trio-Sunday_In_The_Park_May_23_2010-06_Amazing_Grace.mp3,SuzanneMichellTrio_AmazingGrace.mp3,165,196434
1384,Break Away Tonight,TUGG - The Under Ground Groovement,Live at ,http://www.archive.org/download/tugg2005-09-29.flac16/tugg2005-09-29d2t06_vbr.mp3,TUGG-TheUnderGroundGroovement_BreakAwayTonight.mp3,356,145908
1386,Another Hero,Telepath,Live at The Rex Theater on 2010-01-15,http://www.archive.org/download/telepath2010-01-15.24_bit/telepath2010-01-15.mk4mk6.24bit-d1t01_vbr.mp3,Telepath_AnotherHero.mp3,531,192266
1388,Ya Ti Li,The Afromotive,Live at ,http://www.archive.org/download/afromotive2009-04-03.at853.flac16/afromotive2009-04-03d1t03.mp3,TheAfromotive_YaTiLi.mp3,510,198811
1390,I Got Your Number,The Alchemystics,"Live at Wormtown Music Festival, Camp Kee-Wanee on 2008-09-13",http://www.archive.org/download/alchemystics2008-09-13.zoomh4flac16/alchemystics2008-09-13t08_vbr.mp3,TheAlchemystics_IGotYourNumber.mp3,288,162759
1392,track 1*,The Amorphous Band,Live at Muddy River Smokehouse on 2009-02-11,http://www.archive.org/download/ab2009-02-11.451ms.flac/ab2009-02-11.451.m-s.d1t01_vbr.mp3,TheAmorphousBand_track1*.mp3,325,201649
1394,Soaked,The Argument,Live at Sin-e on 2005-02-05,http://www.archive.org/download/argument2005-02-05.flac16/argument2005-02-05d1t04_vbr.mp3,TheArgument_Soaked.mp3,264,193852
1396,Stagefright,The Band Cover Band Band,"Live at WestCo Cafe, Wesleyan University on 2006-03-02",http://www.archive.org/download/tbcbb2006-03-02/tbcbb060302d1t05_vbr.mp3,TheBandCoverBandBand_Stagefright.mp3,298,208858
1398,Drumz >,The Big Scare,Live at ,http://www.archive.org/download/TBS2010-04-24.aud.sony957.shn/Tbs4.24.2010Colosseuma-13.mp3,TheBigScare_Drumz>.mp3,199,177645
1400,Bicycle,The Bloody 9s,Live at ,http://www.archive.org/download/bloody9s/01-03._Track_3_vbr.mp3,TheBloody9s_Bicycle.mp3,334,193169
1402,Machine,The Brew,Live at ,http://www.archive.org/download/Brew2008-10-17.AKG480.16Bit/Brew2008-10-17.akg480.d2t03_vbr.mp3,TheBrew_Machine.mp3,677,206478
1404,I Wonder Why Are You So Mean To Me,The Cruize Brothers,Live at Red Goose Deli on 2009-06-15,http://www.archive.org/download/cb2009-06-15/cb2009-06-15d1t10_I_Wonder_Why_Are_You_So_Mean_To_Me_vbr.mp3,TheCruizeBrothers_IWonderWhyAreYouSoMeanToMe.mp3,251,209416
1406,dirtbombs20050715d01t05flac,The Dirtbombs,Live at ,http://www.archive.org/download/dirtbombs2005-07-15.flac16/dirtbombs2005-07-15d01t05_vbr.mp3,TheDirtbombs_dirtbombs20050715d01t05flac.mp3,170,184836
1408,Bigger Than JC,The Emotron,Live at Motorhead's on 2008-05-04,http://www.archive.org/download/emotron2008-05-04.flac16/emotron2008-05-04t08_vbr.mp3,TheEmotron_BiggerThanJC.mp3,161,182056
1410,gloom merchant > letters fall,The Genius Project,Live at Basin Street Grind on 2005-10-29,http://www.archive.org/download/tgp2005-10-29bsg/tgp2005-10-29d1t08_vbr.mp3,TheGeniusProject_gloommerchant>lettersfall.mp3,408,127745
1412,Silver City >,The Great Big No!, Live at ,http://www.archive.org/download/gbn2009-01-09.SBD/gbn2009-01-09set2tr3_vbr.mp3,TheGreatBigNo!_SilverCity>.mp3,248,227423
1414,A Prior Engagement,The Hue,Live at ,http://www.archive.org/download/hue2007-09-27.peluso.cemc6.ck21.flac16/hue2007-09-27d2t05_vbr.mp3,TheHue_APriorEngagement.mp3,240,222961
1416,1820,The Isosceles Triangle,Live at Tsuki on 2008-07-05,http://www.archive.org/download/tit2008-07-05.flac16/tit2008-07-05d1t05_vbr.mp3,TheIsoscelesTriangle_1820.mp3,448,120304
1418,Krepatka,The Kreptatka Bar Band,Live at ,http://www.archive.org/download/thekreptatkabarband2010-04-16/thekreptatkabarband2010-04-16d1t01.mp3,TheKreptatkaBarBand_Krepatka.mp3,227,207056
1420,Aint To Proud To Beg,The Lost,James Band Live at ,http://www.archive.org/download/ljb2008-02-29.sbd.flac16/ljb2008-02-29d3t5_vbr.mp3,TheLost_AintToProudToBeg.mp3,224,148020
1422,banjo picking girl,The Milkcrate Rustlers,Live at Rhino's on 2004-06-18,http://www.archive.org/download/milkcrate2004-06-18.flac16/milkcrate2004-06-18t08_vbr.mp3,TheMilkcrateRustlers_banjopickinggirl.mp3,218,128467
1424,Worse for the Wear,The New Amsterdams,Live at Stubb's BBQ on 2003-08-23,http://www.archive.org/download/newams2003-08-23.flac16/newams2003-08-23t10_vbr.mp3,TheNewAmsterdams_WorsefortheWear.mp3,249,200177
1426,op20030725d1t8shn,The Ort Phenomenon,Live at Jeff's Pool on 2003-07-25,http://www.archive.org/download/op2003-07-25.shnf/op2003-07-25d1t8_vbr.mp3,TheOrtPhenomenon_op20030725d1t8shn.mp3,113,144417
1428,Joytime Radio,The Pimps of Joytime,Live at Smilefest Reunion 2010 - Second Main Stage on 2010-05-22,http://www.archive.org/download/pimps2010-05-22.flac16/pimps2010-05-22t03.mp3,ThePimpsofJoytime_JoytimeRadio.mp3,399,201541
1430,Mr Bubbikins >,The Prophecy of Bob,Live at Downtown Grill and Brewery on 2008-11-18,http://www.archive.org/download/tpob2008-11-18.flac24/tpob2008-11-18d2_t04_vbr.mp3,TheProphecyofBob_MrBubbikins>.mp3,228,127641
1432,McMichens Breakdown,The Red Hots,Live at Hoppin' John's Old Time And Bluegrass Fiddler's Convention on 2009-09-20,http://www.archive.org/download/redhot2009-09-20.matrix.flac16/redhot2009-09-20d1t02_vbr.mp3,TheRedHots_McMichensBreakdown.mp3,363,191566
1434,The Ballad of Neville and Luna,The Remus Lupins,Live at Lake Hills Club House on 2009-07-11,http://www.archive.org/download/rlupins2009-07-11.flac16/rlupins2009-07-11t02_vbr.mp3,TheRemusLupins_TheBalladofNevilleandLuna.mp3,98,201363
1436,SAE Track 3,The San Andreas Experiment,Live at ,http://www.archive.org/download/sae2004-06-24/sae2004-06-24d1t3_vbr.mp3,TheSanAndreasExperiment_SAETrack3.mp3,707,181571
1438,Sboys20090719SBDd1t02shn,The Strangeboys,"Live at Sunflower Stage,Evolve Festival on 2009-07-19",http://www.archive.org/download/Sboys2009-07-19.SBD/Sboys2009-07-19SBDd1t02_vbr.mp3,TheStrangeboys_Sboys20090719SBDd1t02shn.mp3,417,130110
1440,transcenders20050416d1t11flac,The Transcenders,Live at Poor David's Pub on 2005-04-16,http://www.archive.org/download/transcenders2005-04-16.flac/transcenders2005-04-16-d1t11_vbr.mp3,TheTranscenders_transcenders20050416d1t11flac.mp3,509,150727
1442,tc20070331d01t05,The Twincats,Live at Spin Night Club on 2007-03-31,http://www.archive.org/download/tc2007-03-31.akg.flac16/tc2007-03-31d01t05_vbr.mp3,TheTwincats_tc20070331d01t05.mp3,306,218568
1444,One Man Band,The Vivid Tangerines,Live at Gumby's Pizza on 2004-05-11,http://www.archive.org/download/pvt2004-05-11.akg/pvt2004-05-11d01t01.mp3,TheVividTangerines_OneManBand.mp3,123,131037
1446,Wizard Rock Heart Throb,The Whomping Willows,Live at Lake Hills Club House on 2009-07-11,http://www.archive.org/download/tww2009-07-11.flac16/tww2009-07-11t03_vbr.mp3,TheWhompingWillows_WizardRockHeartThrob.mp3,172,202403
1448,Not Too Soon,Throwing Muses,Live at The Catalyst on 1991-05-24,http://www.archive.org/download/throwingmuses1991-05-24.flac16/tm1991-05-24t04_vbr.mp3,ThrowingMuses_NotTooSoon.mp3,204,215629
1450,TimConley20050729SPC4d2t03flac,Tim Conley,Live at Joe's Mill Hill Saloon on 2005-07-29,http://www.archive.org/download/TimConley2005-07-29.spC4.flac16/TimConley2005-07-29-SPC4-d2t03_vbr.mp3,TimConley_TimConley20050729SPC4d2t03flac.mp3,355,200600
1452,04:46 Do You Wanna Thrill Me?,Tim Reynolds,Live at The Pour House on 2008-07-03,http://www.archive.org/download/tr32008-07-03.trego.flac16/tr32008-07-03d1t11_vbr.mp3,TimReynolds_04:46DoYouWannaThrillMe?.mp3,286,200395
1454,Void,Tristan Prettyman,Live at Twigg's Green Room on 2004-04-09,http://www.archive.org/download/tprettyman2004-04-09.shnf/tprettyman2004-04-09t14_vbr.mp3,TristanPrettyman_Void.mp3,220,174308
1456,Track 7,Twin-A,Live at Lion's Den on 2005-05-21,http://www.archive.org/download/twina2005-05-21.flac16/twina2005-05-21-16bit-t07_vbr.mp3,Twin-A_Track7.mp3,252,178280
1458,Meatball,Ubiquitone,Live at The State Theatre on 2004-06-29,http://www.archive.org/download/ubq2004-06-29.4051a.flac/ubq2004-06-29t13_vbr.mp3,Ubiquitone_Meatball.mp3,374,194213
1460,One Good Man ,Uncle Billys Smokehouse,Live at The Knitting Factory on 2005-10-01,http://www.archive.org/download/ubs2005-10-01.flac6/ubs2005-10-01d1t05_vbr.mp3,UncleBillysSmokehouse_OneGoodMan.mp3,364,201130
1462,All Convergences Are Grand+Therefore+Public Orgasm,Vesica Piscis,Live at Ft. Tuthill on 2004-05-08,http://www.archive.org/download/vpiscis20040508/vpiscis20040508.one_vbr.mp3,VesicaPiscis_AllConvergencesAreGrand+Therefore+PublicOrgasm.mp3,496,223334
1464,Crazy Water,Was Not Was, Live at Ram's Head Onstage on 2008-05-03,http://www.archive.org/download/wasnotwas2008-05-03.mbho.flac16/wasnotwas2008-05-03_mbho_t15_vbr.mp3,WasNotWas_CrazyWater.mp3,261,205091
1466,It Will Be Better  Earwig,Wckr Spgt,Live at 51 Buckingham on 2004-10-02,http://www.archive.org/download/wckrspgt2004-10-02.flac16/wckrspgt2004-10-02t12_vbr.mp3,WckrSpgt_ItWillBeBetterEarwig.mp3,162,187867
1468,Outlaw Band >,White Iron Band,Live at Rock Boat on 2008-08-15,http://www.archive.org/download/wib2008-08-15.RTB.flac16/wib2008-08-15d1t15.RTB_vbr.mp3,WhiteIronBand_OutlawBand>.mp3,274,204454
1470,wbangs20050713t03flac,Will Bangs,Live at The Bike Barn on 2005-07-13,http://www.archive.org/download/wbangs2005-07-13.flac16/wbangs2005-07-13t03_vbr.mp3,WillBangs_wbangs20050713t03flac.mp3,307,180342
1472,Cold Duck Time,WonderBread Band,Live at The Dive Bar on 2009-04-02,http://www.archive.org/download/wonderbread2009-04-02/Cold_Duck_Time_vbr.mp3,WonderBreadBand_ColdDuckTime.mp3,317,186934
1474,Its Over Now,Works Progress Administration,Live at Ladies Literary Club on 2009-12-04,http://www.archive.org/download/wpa2009-12-04.flac16/wpa2009-12-04t23_vbr.mp3,WorksProgressAdministration_ItsOverNow.mp3,143,207130
1476,Destination,Year Long Disaster,Live at Ace of Clubs on 2008-06-25,http://www.archive.org/download/yld2008-06-25.aud.flac16/yld2008-06-25d1t04.mp3,YearLongDisaster_Destination.mp3,328,200574
1478,yolk20020406d1t01shn,Yolk,Live at New Cheers Pub on 2002-04-06,http://www.archive.org/download/yolk2002-04-06/yolk2002-04-06d1t01_vbr.mp3,Yolk_yolk20020406d1t01shn.mp3,440,202951
1480,Gatos Negros,Zero Gravity Circus,Live at Tost on 2009-07-22,http://www.archive.org/download/zgc2009-07-22.flac16/zgc2009-07-22t02_vbr.mp3,ZeroGravityCircus_GatosNegros.mp3,334,200820
1482,Night Light,Zindu,Live at Winston's on 2005-02-26,http://www.archive.org/download/zindu2005-02-26.flac/zindu2005-02-26t05_vbr.mp3,Zindu_NightLight.mp3,574,191740
1484,Simon,aquaphonics,Live at Exodus Coffee House on 2006-06-30,http://www.archive.org/download/aquaphonics2006-06-30.sbd.flac16/aquaphonics20060630d1t02_vbr.mp3,aquaphonics_Simon.mp3,540,135851
1486,Quovis,caspian,Live at The Triple Rock Social Club on 2007-09-13,http://www.archive.org/download/caspian2007-09-13.sp-c4.flac16/caspian2007-09-13t03_vbr.mp3,caspian_Quovis.mp3,102,201290
1488,Chango,deSoL,Live at All Good Music Festival on 2008-07-13,http://www.archive.org/download/desol2008-07-13.dpa4021/desol2008-07-13dpa4021-t01_vbr.mp3,deSoL_Chango.mp3,323,199262
1490,Happy Hour Hero,herbie,Live at The Pub II on 2009-03-14,http://www.archive.org/download/herbie2009-03-14/herbie2009-03-14-tk14-hhh_vbr.mp3,herbie_HappyHourHero.mp3,351,201230
1492, 6:13 Down Boy,moe," Live at Event Center, Borgata Casino on 2004-07-23",http://www.archive.org/download/moe2004-07-23.shnf/moe2004-07-23d1.shnf/moe2004-07-23d1t04_vbr.mp3,moe_6:13DownBoy.mp3,373,206752
1494,Rub Somebody,rugburns,Live at Schubas Tavern on 1997-05-16,http://www.archive.org/download/rugburns1997-05-16/rugburns1997-05-16d3t09_vbr.mp3,rugburns_RubSomebody.mp3,302,133941
1496,Its Over Now,the Pistol Whippin Party Penguins,Live at First Avenue on 2008-03-14,http://www.archive.org/download/pwpp2008-03-14.NLE.flac16/pwpp2008-03-14d1t07.NLE_vbr.mp3,thePistolWhippinPartyPenguins_ItsOverNow.mp3,254,202819
1498,Righteous Song,young sir Jim,Live at Ottobar on 2010-02-26,http://www.archive.org/download/ysj2010-02-26.flac16/ysj2010-02-26t07.mp3,youngsirJim_RighteousSong.mp3,225,210555
955,Freedom Avenue,3 Simple Words,Live at Twiggs' Green Room on 2003-10-25,http://www.archive.org/download/3sw-2003-10-25.at831.shnf/3sw2003-10-25d1t03_vbr.mp3,3SimpleWords_FreedomAvenue.mp3,266,183322
959,STK,Aaron Kamm and the One Drops,Live at Camp Zoe Concert/Festival Venue ,http://www.archive.org/download/aakam2010-04152010-04-15/aakam2010-04-15_03.mp3,AaronKammandtheOneDrops_STK.mp3,674,190464
963,ag2009_01_07s1t02wav  Legalize It Cover,Aftergrass,Live at Bobbie's on 2009-01-07,http://www.archive.org/download/ag2009-01-07/ag2009_01_07s1t02_vbr.mp3,Aftergrass_ag2009_01_07s1t02wavLegalizeItCover.mp3,246,161044
967,Europa  Baby >,Akrasia,Live at Spice Cafe on 2007-06-23,http://www.archive.org/download/akrasia2007-06-23/akrasia2007-06-23-12norwaymaple.mp3,Akrasia_EuropaBaby>.mp3,622,256000
971,Figure It Out,Allen Stone,Live at Tractor Tavern on 2010-06-29,http://www.archive.org/download/AllenStone2010-06-29.H4n/AllenStone2010-06-29T03.mp3,AllenStone_FigureItOut.mp3,306,165513
975,Jesus Children,Apoptosis,Live at The Haunt on 2006-08-30,http://www.archive.org/download/apoptosis2006-08-30..lsd2.scott-killian.xxxxx.sbeok.flac16/apoptosis2006-08-30t06_vbr.mp3,Apoptosis_JesusChildren.mp3,457,198037
979,Smoke Machines,Atom Orr,Live at Twiggs' Green Room on 2003-07-26,http://www.archive.org/download/atomorr2003-07-26.at831.shnf/atomorr2003-07-26d1t01_vbr.mp3,AtomOrr_SmokeMachines.mp3,158,180347
983,Honey To A Bee > Jam,Backyard Tire Fire,Live at Hunter Mountain on 2007-06-03,http://www.archive.org/download/btf2007-06-03.bk4022.acm671.burke.flac16/btf2007-06-03t07_vbr.mp3,BackyardTireFire_HoneyToABee>Jam.mp3,377,210460
987,stage chatter,Bardo Pond,Live at Mill Creek Tavern on 2003-11-22,http://www.archive.org/download/bardo2003-11-22.shnf/bardo2003-11-22t7_vbr.mp3,BardoPond_stagechatter.mp3,103,210696
991,Jesse James,Barry Melton Band,Live at Constable Jack's on 2001-09-28,http://www.archive.org/download/bmb2001-09-28.m300/bmb2001-09-28d2t12_vbr.mp3,BarryMeltonBand_JesseJames.mp3,352,215562
995,Medley,Ben Swamp Donkey Brenner,Live at Craighead Forest Bandshell on 2007-05-20,http://www.archive.org/download/Arkansas_Blues_Caravan_Ben_Brenner/Ben_Brenner-Medley_vbr.mp3,BenSwampDonkeyBrenner_Medley.mp3,586,204799
999,Space in in kingston,Big Brothers Brother,Live at The Agora on 2007-07-20,http://www.archive.org/download/BBB2007-20-07.BBB.2007-20-07.Rodes.Flac.16/bbb2007-07-20d1t02_vbr.mp3,BigBrothersBrother_Spaceininkingston.mp3,660,131108
1003,Im Moving On,Big Water,Live at Statebridge Lodge on 2006-09-03,http://www.archive.org/download/BigWater2006-09-03.sbd.flac/BigWater2006-09-03sbd06_vbr.mp3,BigWater_ImMovingOn.mp3,303,195713
1007,Stuck in the Mud,Black Ice,Live at Harpers Ferry on 2001-05-16,http://www.archive.org/download/bice2001-05-16.aud.shn/bice2001-05-16d1t06_vbr.mp3,BlackIce_StuckintheMud.mp3,173,201581
1011,Ride*,BlissNinnies,Live at Last Day Saloon on 2000-08-16,http://www.archive.org/download/blissn2000-08-16.flac16/blissn2000-08-16d1t04_vbr.mp3,BlissNinnies_Ride*.mp3,375,201143
1015,Track 05,Bohemian Sunrise,Live at North Star Bar on 2004-08-19,http://www.archive.org/download/bosun2004-08-19.flac16/bosun2004-08-19d1t05_vbr.mp3,BohemianSunrise_Track05.mp3,201,202286
1019,Fireworks Make Me Feel Lonely >,Boxes Of Squares,Live at Greenwich Central School on 2004-06-11,http://www.archive.org/download/bos2004-06-11.flac16/bos2004-06-11-t10_vbr.mp3,BoxesOfSquares_FireworksMakeMeFeelLonely>.mp3,257,177968
1023,James Alley Blues,Brian Adam Ant,Live at House Party on 2007-02-24,http://www.archive.org/download/brianaa2007-02-24.flac/brianaa2007-02-24t05_vbr.mp3,BrianAdamAnt_JamesAlleyBlues.mp3,231,221248
1027,Panthertown,Brushfire Stankgrass,"Live at Mountain Sports Festival, Carrier Park on 2008-06-01",http://www.archive.org/download/bfsg2008-06-01.SBD/bfsg2008-06-01.SBD.t09_vbr.mp3,BrushfireStankgrass_Panthertown.mp3,287,157078
1031,fadein This Old Cowboy,BuzzUniverse,Live at Stone Pony on 2008-07-05,http://www.archive.org/download/buzzu2008-07-05.flac24/buzzU20080705t01_vbr.mp3,BuzzUniverse_fadeinThisOldCowboy.mp3,402,197986
1035,Wild  Wild West,Calvin Russell,Live at Longbranch Inn on 2005-10-24,http://www.archive.org/download/crussell2005-10-24..flac16/crussell_20051024D01T04_vbr.mp3,CalvinRussell_WildWildWest.mp3,282,173967
1039,Through the Seasons,Carl Johnson,Live at The Urban Stampede on 2006-02-17,http://www.archive.org/download/ccj2006-02-17/ccj2006-02-17d2t03_vbr.mp3,CarlJohnson_ThroughtheSeasons.mp3,210,127726
1043,cg2008101008flac,Central Garage,Live at Cary Street Cafe' on 2008-10-10,http://www.archive.org/download/cg2008-10-10.cg2008-10-10matrix.flac/cg2008-10-1008_vbr.mp3,CentralGarage_cg2008101008flac.mp3,355,206267
1047,Unknown,Chatham County Line,Live at Cat's Cradle on 2009-11-07,http://www.archive.org/download/chathamcountyline2009-11-07/chathamcountyline20091107d02t02_vbr.mp3,ChathamCountyLine_Unknown.mp3,201,178957
1051,Perpetual Revolution,Chingus,Live at G st Pub on 2005-03-25,http://www.archive.org/download/chingus2005-03-25.flac16/chingus2005-03-25d1t05_vbr.mp3,Chingus_PerpetualRevolution.mp3,520,128164
1055,Good Old Fashioned Fire,City on the Make,Live at ,http://www.archive.org/download/cotm2008-11-29.mbho.flac16/cotm2008-11-29t13_vbr.mp3,CityontheMake_GoodOldFashionedFire.mp3,318,192708
1059,Abdiel,Consider the Source,Live at ,http://www.archive.org/download/cts2009-09-28.ck930.flac16/cts2009-09-28t02_vbr.mp3,ConsidertheSource_Abdiel.mp3,375,189618
1063,Jesse James,Country Joe McDonald,Live at WDR studio on 1976-01-01,http://www.archive.org/download/cjm1976-01-01.koln.flac16/cjm1976-01-01t05_vbr.mp3,CountryJoeMcDonald_JesseJames.mp3,298,178003
1067,The Years Look Good On You,Damon Bramblett,Live at The Dry Creek Cafe on 2007-08-30,http://www.archive.org/download/damonbramblett2007-08-30.ds70p.flac/damonbramblett2007-08-30.ds70p.d1t04_TheYearsLookGoodOnYou_vbr.mp3,DamonBramblett_TheYearsLookGoodOnYou.mp3,236,193217
1071,The Hills of Beijing,Daniel Bennett Group,Live at Cambridge YMCA on 2008-12-07,http://www.archive.org/download/dbg2008-12-07.earthworks.flac16f/dbg2008-12-07t09_vbr.mp3,DanielBennettGroup_TheHillsofBeijing.mp3,338,194503
1075,THE LORDS BREATHING,David Hykes,Live at On The Path on 2006-05-10,http://www.archive.org/download/dhykes/hykes2006-05-10_1644music-only_t04_vbr.mp3,DavidHykes_THELORDSBREATHING.mp3,225,205023
1079,They Love Each Other,Dead Sessions,Live at Club Metronome on 2008-03-14,http://www.archive.org/download/tbm2008-03-14.sb.nak.matrix.shivaho.flac16/tbm2008-03-14d1t08.sb.nak.matrix.shivaho.flac16_vbr.mp3,DeadSessions_TheyLoveEachOther.mp3,344,138730
1083,Stagger Lee,Delilah Jones,Live at King Neptune's on 2008-03-01,http://www.archive.org/download/delilahjones2008-03-01.flac16/dj2008-03-01-16bit-set2t04_vbr.mp3,DelilahJones_StaggerLee.mp3,311,199218
1087,SCARLET BEGONIAS>,Dog Gone,Live at Buzz Coffee on 2008-04-04,http://www.archive.org/download/dg2008-04-04/dg2008-04-04d2t01_vbr.mp3,DogGone_SCARLETBEGONIAS>.mp3,626,201764
1091,Roadhouse Rag TAKE 1,Duke Junior and The Smokey Boots,Live at Blue Eagle Music on 2010-03-06,http://www.archive.org/download/djsb2010-03-06.Blue_Eagle_Music/djsb2010-03-06-tr04_Roadhouse_Rag_TAKE_1.mp3,DukeJuniorandTheSmokeyBoots_RoadhouseRagTAKE1.mp3,362,149588
1095,B Lazar >,Eckobase,Live at George's Majestic Lounge on 2006-01-25,http://www.archive.org/download/eckobase2006-01-26.flac16/eckobase2006-01-25t02_vbr.mp3,Eckobase_BLazar>.mp3,343,168834
1099,ea20040626d1t06flac,Electric Avenue,Live at Party on 2004-06-26,http://www.archive.org/download/ea2004-06-26.flac16/ea2004-06-26d1t06_vbr.mp3,ElectricAvenue_ea20040626d1t06flac.mp3,297,196782
1103,Memphis Trouble Free,Enchanted Ape,Live at O'Gara's Garage on 2006-02-04,http://www.archive.org/download/ape2006-02-04.sbd.flac16/ape2006-02-04d1t02_vbr.mp3,EnchantedApe_MemphisTroubleFree.mp3,364,184290
1107,Ways and Means,Eric Martinez,Live at Highland Pacific on 2009-12-31,http://www.archive.org/download/emmb2009-12-31.matrix.flac16/emmb2009-12-31d1t06_vbr.mp3,EricMartinez_WaysandMeans.mp3,362,142917
1111,J Song Vagabond,Fat Chelsea,Live at Electric Wilburland on 2002-12-09,http://www.archive.org/download/fc2002-12-09.shnf/fc2002-12-0903_vbr.mp3,FatChelsea_JSongVagabond.mp3,327,172166
1115,setbreak bingo,Flame Shark,Live at High Noon Saloon on 2007-07-15,http://www.archive.org/download/FlameShark2007-07-15/FlameShark2007-07-15t13_vbr.mp3,FlameShark_setbreakbingo.mp3,260,204702
1119,Rocket Man**,Four Way Free,Live at Genghis Cohen on 2004-08-26,http://www.archive.org/download/4wf-2004-08-26.flac/4wf2004-08-26t6_vbr.mp3,FourWayFree_RocketMan**.mp3,287,152537
1123,Not Fade Away,Front Street,Live at 19 Broadway on 2009-10-16,http://www.archive.org/download/Front_Street_Live_at_19_Broadway_2009-10-16/fs20091016iii_1-Not_Fade_Away_vbr.mp3,FrontStreet_NotFadeAway.mp3,389,160449
1127,Hot Air Balloon Chase,Funkuponya,Live at Pour House Music Hall on 2010-06-19,http://www.archive.org/download/FunkuponyaAtThePourHouseMusicHall6-19-2010/20100619t05.mp3,Funkuponya_HotAirBalloonChase.mp3,652,194174
1131,Back on the HEadless Track>Jam,Gas Giant,Live at Exil on 2005-03-20,http://www.archive.org/download/GG2005-03-20/GG2005-03-20d1t07_vbr.mp3,GasGiant_BackontheHEadlessTrack>Jam.mp3,548,197888
1135,New Orleans LA,George Kilby Jr, Live at Haugesund on 2009-08-13,http://www.archive.org/download/gkj2009-08-13.test.flac/gkj2009-08-13d1t04_vbr.mp3,GeorgeKilbyJr_NewOrleansLA.mp3,306,202160
1139,All Live,Goondocks,Live at Tommy's Nightclub on 2007-03-17,http://www.archive.org/download/goondocks2007-03-17.flac16/goondocks2007-03-17t03_vbr.mp3,Goondocks_AllLive.mp3,237,201775
1143,grazgrove20080606t05flac,Grazgrove,Live at The Chompdown at Wakarusa on 2008-06-06,http://www.archive.org/download/grazgrove2008-06-06.neumann.flac16/grazgrove2008-06-06t05_vbr.mp3,Grazgrove_grazgrove20080606t05flac.mp3,431,207380
1147,Man Aint Shit,Grilled Lincolns,Live at 8x10 on 2009-01-17,http://www.archive.org/download/GLinx2009-01-17.the8x10-Matrix.flac24/GrilledLincolns2009-01-17_8x10_s1t06_vbr.mp3,GrilledLincolns_ManAintShit.mp3,255,172797
1151,d1t03,Guvna Dub Sessions,Live at Lizard Lounge on 2009-02-19,http://www.archive.org/download/gds2009-02-19.Schoeps_mk22_24bit/gds2009-02-19_mk22_2496_FLAC/gds2009-02-19_mk22_2496_d1t03_vbr.mp3,GuvnaDubSessions_d1t03.mp3,600,203935
1155,hamsalila20040703t06flac,Hamsa Lila,Live at High Sierra Music Festival on 2004-07-03,http://www.archive.org/download/hamsalila2004-07-03.flac16/hamsalila2004-07-03t06_vbr.mp3,HamsaLila_hamsalila20040703t06flac.mp3,538,195717
1159,Black,Harold Liller,Live at West Virginia Brewing Company on 2002-07-05,http://www.archive.org/download/hl2002-07-05/hl2002-07-05t15_vbr.mp3,HaroldLiller_Black.mp3,221,179160
1163,Ballad of Shane Muscatel,Henry Kaiser,Live at Great American Music Hall on 1989-02-11,http://www.archive.org/download/Kaiser1989-02-11.flac/Kaiser1989-02-11D1T03_vbr.mp3,HenryKaiser_BalladofShaneMuscatel.mp3,318,192782
1167,Jam,Honey White,Live at Campbell Hall on 2005-02-26,http://www.archive.org/download/hw2005-02-26.shnf/hw2004-02-26d1t02_vbr.mp3,HoneyWhite_Jam.mp3,85,127698
1171,iadapt20070409t01flac,I Adapt,Live at The Sahara Club on 2007-04-09,http://www.archive.org/download/iadapt2007-04-09.flac16/iadapt2007-04-09t01_vbr.mp3,IAdapt_iadapt20070409t01flac.mp3,140,127767
1175,Outside The Lines,Indica,Live at Marysville Tavern on 2005-04-16,http://www.archive.org/download/Indica2005-4-16.aud.flac16/indica2005-4-16d3t03_vbr.mp3,Indica_OutsideTheLines.mp3,627,128904
1179,No Exit Strategy,JIM WEIDERS ProJECT PERCoLAToR,Live at Temus-Serocca on 2009-03-26,http://www.archive.org/download/jwpp2009-03-26/jwpp2009-03-26d1t04_vbr.mp3,JIMWEIDERSProJECTPERCoLAToR_NoExitStrategy.mp3,612,209726
1183,jamierobb20060310t03flac,Jamie Robb,Live at Twigg's Green Room on 2006-03-10,http://www.archive.org/download/jamierobb2006-03-10.at831.flac16/jamierobb2006-03-10t03_vbr.mp3,JamieRobb_jamierobb20060310t03flac.mp3,213,177494
1187,Litter and Crooks,Jen Say Kwahs,Live at The Record Bar on 2007-10-12,http://www.archive.org/download/tjsk2007-10-12/tjsk2007-10-12d1t06_vbr.mp3,JenSayKwahs_LitterandCrooks.mp3,227,194135
1191,If Gods My Pilot,Jo Henley,Live at Arlene's Grocery on 2009-02-19,http://www.archive.org/download/johen2009-02-19.aud.flac16/johen2009-02-19d1t07_vbr.mp3,JoHenley_IfGodsMyPilot.mp3,225,163317
1195,14 Crazy Rider,John Scarpulla and Brian Shafer,Live at Manley's on 2009-12-04,http://www.archive.org/download/JohnScarpullaBrianShafer2009-12-04.LiveAtManleys/14CrazyRider.mp3,JohnScarpullaandBrianShafer_14CrazyRider.mp3,271,128000
1199,Enough Air,Jonathan Segel,Live at The Fillmore on 2009-10-31,http://www.archive.org/download/jsegel2009-10-31/jsegel2009-10-31t03_vbr.mp3,JonathanSegel_EnoughAir.mp3,241,191753
1203,Opposites Attract,Junior and Transportation,Live at The Knitting Factory on 2009-05-23,http://www.archive.org/download/jat2009-05-23.aud.flac16/jat2009-05-23T01_vbr.mp3,JuniorandTransportation_OppositesAttract.mp3,405,197580
1207,Silence,Kate Earl,Live at Lou's Records on 2005-08-02,http://www.archive.org/download/kateearl2005-08-02.lous.at831.flac16/kateearl2005-08-02t03_vbr.mp3,KateEarl_Silence.mp3,230,166433
1211,kb20040213d1t07shn,Know Boundaries,Live at Luther's Blues on 2004-02-13,http://www.archive.org/download/kb2004-02-13.shnf/kb2004-02-13d1t07_vbr.mp3,KnowBoundaries_kb20040213d1t07shn.mp3,182,201581
1215,Jam,L-Block,Live at Lovin Cup on 2010-02-16,http://www.archive.org/download/LB2010-02-16/LB2010-02-16d1t02.mp3,L-Block_Jam.mp3,357,180874
1219,Moveout Blues,Lauren DeRose,Live at Twiggs' Green Room on 2004-12-17,http://www.archive.org/download/lderose2004-12-17.at831.flac16/lderose2004-12-17d1t04_vbr.mp3,LaurenDeRose_MoveoutBlues.mp3,299,192220
1223,Ever Find a way,Lisa Sanders,Live at Living Room Concert on 2003-12-28,http://www.archive.org/download/lisasanders2003-12-28.at831.shnf/lisasanders2003-12-28d1t02_vbr.mp3,LisaSanders_EverFindaway.mp3,281,183021
1227,Staying With Me,Los Lonely Boys,Live at BamaJam Music & Arts Festival on 2009-06-04,http://www.archive.org/download/llb2009-06-04/llb2009-06-04/llb2009-06-04_t08.ogg,LosLonelyBoys_StayingWithMe.mp3,114,448000
1231,Backroads?,MONKMusic,Live at Campfire - 712 Lorentz Ave. on 2009-07-25,http://www.archive.org/download/monk2009-07-25/monk2009-07-25t02_vbr.mp3,MONKMusic_Backroads?.mp3,371,167820
1235,When I Stop Dreaming Louvin Brothers,Malpass Brothers,Live at The Ice House on 2009-09-11,http://www.archive.org/download/malpassbrothers2009-09-11/malpassbrothers20090911d02t22_vbr.mp3,MalpassBrothers_WhenIStopDreamingLouvinBrothers.mp3,162,115910
1239,Easy,Mandolin Orange,Live at The Berkeley Cafe on 2010-03-19,http://www.archive.org/download/mandolinorange2010-03-19/mandolinorange20100319d01t04.mp3,MandolinOrange_Easy.mp3,319,113708
1243,Thunder,Mason Porter,Live at Brickette Lounge on 2009-07-17,http://www.archive.org/download/masonporter2009-07-17.mk4-8.nbox.flac16/masonporter2009-07-17s1t12_vbr.mp3,MasonPorter_Thunder.mp3,491,185205
1247,Tina Lynn,Mer,Live at Stadium on 2003-03-21,http://www.archive.org/download/mer2003-03-21.shnf/mer2003-03-21d1t01_vbr.mp3,Mer_TinaLynn.mp3,343,185216
1251,Tomorrows Taken,Mojave 3,Live at Ronnie Scotts on 1995-11-23,http://www.archive.org/download/mojave3-1995-11-23.flac16/mojave3-1995-11-23d1t04_vbr.mp3,Mojave3_TomorrowsTaken.mp3,315,181028
1255,One Step Closer To You,Moossa,Live at Bogart's Backroom on 2007-05-19,http://www.archive.org/download/Moossa2007-05-19.Moossa/Moossa2007-05-19dlt04_vbr.mp3,Moossa_OneStepCloserToYou.mp3,312,188063
1259,Dont Do It,Motion Pictures,Live at The Pour House Music Hall on 2010-04-10,http://www.archive.org/download/mp2010-04-10/mp2010-04-10t11-Dont_Do_It.mp3,MotionPictures_DontDoIt.mp3,333,203126
1263,Amber,Mullins and Katz,Live at Ruby Tuesdays on 2005-12-22,http://www.archive.org/download/mullinskatz2005-12-22.akg393.flac16/mullinskatz2005-11-22d2t05_vbr.mp3,MullinsandKatz_Amber.mp3,407,192740
1267,encore_call,NST,Live at KD Japon on 2007-11-23,http://www.archive.org/download/nst2007-11-23.c4xy.16-441-fixed.flac/nst2007-11-23t07c4xy.16-441-fixed_vbr.mp3,NST_encore_call.mp3,90,199909
1271,NB20070209d2t06Flac_NB20070209d1t04flac,Natural Breakdown,Live at The Old Bay on 2007-02-09,http://www.archive.org/download/NB2007-02-09Flac/NB2007-02-09d2t06Flac/NB2007-02-09d1t04_vbr.mp3,NaturalBreakdown_NB20070209d2t06Flac_NB20070209d1t04flac.mp3,199,199582
1275,Soon as the Sun,Oakhurst,"Live at Stage 5, Walnut Valley Festival on 2007-09-13",http://www.archive.org/download/oakhurst2007-09-13/oakhurst2007-09-13d01t04_vbr.mp3,Oakhurst_SoonastheSun.mp3,233,207062
1279,Secret Society,Old Dead Bug,Live at Humboldt Brewery on 1995-06-09,http://www.archive.org/download/odb1995-06-09.flac16/odb1995-06-09t02_vbr.mp3,OldDeadBug_SecretSociety.mp3,320,194887
1283,heavy hands,One Hand Free,Live at The Stone Church on 2008-03-08,http://www.archive.org/download/ohf2008-03-08.aud-sbd-mix.flac16f/ohf2008-03-08t02_vbr.mp3,OneHandFree_heavyhands.mp3,311,184764
1287,Loose Caboose,Particle,Live at on 2004-11-02,http://www.archive.org/download/Par2004-11-02.flacf/Par2004-11-02d1t3LooseCaboose_vbr.mp3,Particle_LooseCaboose.mp3,678,184551
1291,Organ Donor Rap_Band Intros,Phil Lesh and Friends,Live at Cuthbert Amphitheatre on 2001-07-03,http://www.archive.org/download/2001-07-03.paf.neumann.shepherd.5407.sbeok.flacf/p_f2001-07-03d3t05_vbr.mp3,PhilLeshandFriends_OrganDonorRap_BandIntros.mp3,118,209994
1295,Hardcorps,Pinko and the Action Boys,Live at American Legion Hall Post #62 on 2004-08-12,http://www.archive.org/download/pinko2004-08-12.flac16/pinko2004-08-12t03_vbr.mp3,PinkoandtheActionBoys_Hardcorps.mp3,105,197737
1299,spitune20070623t02,Poz,piTune Live at The School Of Rock Festival on 2007-06-23,http://www.archive.org/download/SpituneLiveAtTheSchoolOfRockFestivalOn2007-06-23/spitune2007-06-23-t02_vbr.mp3,Poz_spitune20070623t02.mp3,355,132491
1303,Some Girls are Bigger then Others*,Racer Boy 2,Live at Fort Mathom on 2009-11-26,http://www.archive.org/download/racerboyII2009-11-26.flac16/racerboyII2009-11-26t12.mp3,RacerBoy2_SomeGirlsareBiggerthenOthers*.mp3,223,197937
1307,Moonshine,Raisinhead,Live at Revolution Hall on 2009-03-14,http://www.archive.org/download/raisinhead2009-03-14.nak300.flac16/raisinhead2009-03-14t04_vbr.mp3,Raisinhead_Moonshine.mp3,436,198143
1311,Harder They Come,Reflections,Live at Mighty High Mountain Festival on 2010-05-28,http://www.archive.org/download/Reflections2010-05-28.NAK.ADK.flac16/Reflections2010-05-28d1t02.mp3,Reflections_HarderTheyCome.mp3,481,201752
1315,Carolina >,Rich Whiteley Band,Live at Skippers Smokehouse on 2002-05-05,http://www.archive.org/download/rwb2002-05-05.flacf/rwb2002-05-05t01_vbr.mp3,RichWhiteleyBand_Carolina>.mp3,211,216021
1319,Not Fade Away > Aiko Aiko > NFA,Rockspring,Live at The Village Smokehouse on 2010-04-03,http://www.archive.org/download/rockspring2010-04-03.akg483/rockspring2010-04-03set1t16.mp3,Rockspring_NotFadeAway>AikoAiko>NFA.mp3,289,197076
1323,Fairy Tale,Ruka Skye,Live at Arlene's Grocery on 2006-03-10,http://www.archive.org/download/rukasky2006-03-10.shnf/rukaskye2006-03-10t03.aif_vbr.mp3,RukaSkye_FairyTale.mp3,199,187667
1327,Tripping Billies%>What Would You Say%,Ryan Angus,Live at Webster County High School Theater on 2005-12-16,http://www.archive.org/download/rla2005-12-16.sbd.flac16/rla2005-12-16d1t06.ogg,RyanAngus_TrippingBillies%>WhatWouldYouSay%.mp3,98,352000
1331,Waldo Found Dead,Savage Henry,Live at The Wild Buffalo on 2007-12-27,http://www.archive.org/download/sh2007-12-27/sh2007-12-27t06_vbr.mp3,SavageHenry_WaldoFoundDead.mp3,400,112350
1335,Old Man,SeepeopleS,Live at Hookah Joes on 2008-12-20,http://www.archive.org/download/wb2008-12-20.flac16/wb2008-12-20t10_vbr.mp3,SeepeopleS_OldMan.mp3,223,197817
1339,Ambitionist,Sidewise,Live at Voodoo Lounge - Harrah's Casino on 2007-10-27,http://www.archive.org/download/sidewise2007-10-27.aud.flac16/sidewise2007-10-27d1t03_vbr.mp3,Sidewise_Ambitionist.mp3,229,214486
1343,21 Shots,Skullfunked,Live at Palladium on 2009-04-11,http://www.archive.org/download/skullfunked2009-04-11.Schoeps_641_24bit/skullfunked2009-04-11_mk41_2496_FLAC/skullfunked2009-04-11_mk41_2496_d1t06_vbr.mp3,Skullfunked_21Shots.mp3,459,193989
1347,Train 2,Slightly Stoopid,Live at Town Ballroom on 2009-03-22,http://www.archive.org/download/stoopid2009-04-22.flac16/stoopid20090422track-15_vbr.mp3,SlightlyStoopid_Train2.mp3,159,191671
1351,WDYDMW,Smokestack,Live at Mickey Finn's on 2006-05-13,http://www.archive.org/download/smk2006-05-13.flac16/smk2006-05-13d1t07_vbr.mp3,Smokestack_WDYDMW.mp3,459,209219
1355,Into the Blues >,Somebodys Closet,Live at Bishop's Lounge on 2006-07-14,http://www.archive.org/download/soclo2006-07-14.live/soclo2006-07-14d2t04_vbr.mp3,SomebodysCloset_IntotheBlues>.mp3,464,184815
1359,IntroWhite House Blues > Reading Rainbow,Special Ed and the Shortbus,Live at Mick O'Shea's on 2005-07-23,http://www.archive.org/download/SESB2005-07-23/SESB2005-07-23d1t07_vbr.mp3,SpecialEdandtheShortbus_IntroWhiteHouseBlues>ReadingRainbow.mp3,94,145414
1363,Camilo >,State Radio,Live at The Pickle Barrel on 2009-02-19,http://www.archive.org/download/sr2009-02-19.r09/sr2009-02-19t15_vbr.mp3,StateRadio_Camilo>.mp3,344,194117
1367,Bessie May,Steppin In It,Live at The Kent Stage on 2006-08-03,http://www.archive.org/download/sii2006-08-03.mtx.flac16/steppin_in_it2006-08-03t09_vbr.mp3,SteppinInIt_BessieMay.mp3,257,188169
1371,Learning How to Fly?*,Stir Fried,Live at A Bear's Picnic @ Lincoln Park on 2008-08-16,http://www.archive.org/download/stirfried2008-08-16/stirfried2008-08-16t01_vbr.mp3,StirFried_LearningHowtoFly?*.mp3,247,192829
1375,UbiquitousShifty Mister,String Theory,Live at The Cactus Lounge on 2004-11-16,http://www.archive.org/download/stringtheo2004-11-16/stringtheo2004-11-16d1t7_vbr.mp3,StringTheory_UbiquitousShiftyMister.mp3,357,151758
1379,Caravan,Sunflower Colonels,Live at The Bottleneck on 2009-03-07,http://www.archive.org/download/sunflowercolonels2009-03-07/sunflowercolonels2009-03-07t07_vbr.mp3,SunflowerColonels_Caravan.mp3,446,199539
1383,Pressure Drop,Sweet Japonic,Live at Billy's Lounge on 2007-01-24,http://www.archive.org/download/sweetj2007-01-24.sbd.shnf/sweetj2007-01-24d3t5-shn_vbr.mp3,SweetJaponic_PressureDrop.mp3,503,158297
1387,LAZY RIVER ROAD,Terrapin Moon,Live at HOOKAH IN THE HILLS on 2009-04-03,http://www.archive.org/download/terrapinmoon2009-04-03.1/terrapinmoonacoustic2009-04-03d1t03_vbr.mp3,TerrapinMoon_LAZYRIVERROAD.mp3,433,183305
1391,Endless Conversation,The Alternate Routes,Live at Knitting Factory (Tap Bar) on 2005-07-28,http://www.archive.org/download/aroutes2005-07-28.flac16/aroutes2005-07-28d1t01_vbr.mp3,TheAlternateRoutes_EndlessConversation.mp3,230,211938
1395,02 Lion,The BAJA Collective,"Live at Otto's Shrunken Head, NYC on 2010-02-13",http://www.archive.org/download/TheBAJACollective2010-02-13.TheBAJACollective2010-02-13_614/02TheLion_vbr.mp3,TheBAJACollective_02Lion.mp3,280,175120
1399,Carolina In The Pines,The Birdhive Boys,Live at ,http://www.archive.org/download/bhb2009-10-22.bhb2009_10_22_NU.flac/02_carolina_in_the_pines_vbr.mp3,TheBirdhiveBoys_CarolinaInThePines.mp3,179,156843
1403,Wind Me Up,The Contribution,Live at ,http://www.archive.org/download/contribution2010-04-01.C4/contribution2010-04-01_d2t04.mp3,TheContribution_WindMeUp.mp3,289,206517
1407,Plunge,The Dulcets,Live at Recher Theatre on 2004-11-26,http://www.archive.org/download/dulc2004-11-26.flacf/dulc2004-11-26d1t04_vbr.mp3,TheDulcets_Plunge.mp3,347,203953
1411,Swell T8,The Glorious Bust Down,Live at HoJo on 2006-12-17,http://www.archive.org/download/tgbd2006-12-17/2006-12-17D1T08_vbr.mp3,TheGloriousBustDown_SwellT8.mp3,221,170843
1415,Beautiful Lie,The Innocent,Live at Durty Nellie's on 2009-02-06,http://www.archive.org/download/Innocent2009-02-06/Innocent2009-02-06t05_vbr.mp3,TheInnocent_BeautifulLie.mp3,250,201020
1419,Applesauce vs Sour Cream,The LeeVees,Live at Middle East on 2008-12-21,http://www.archive.org/download/leevees2008-12-21.flac24/leevees2008-12-21t02_vbr.mp3,TheLeeVees_ApplesaucevsSourCream.mp3,192,143607
1423,Fatal Flaws,The Mojo Wire,Live at 6710 Sabado Tarde on 2001-02-16,http://www.archive.org/download/mojowire2001-02-16.shnf/mojowire2001-02-16d1t05_vbr.mp3,TheMojoWire_FatalFlaws.mp3,390,129253
1427,I Shot The Sheriff,The Peacheaters,Live at Tammany Hall on 2008-07-04,http://www.archive.org/download/peacheaters2008-07-04.zoomh4flac16/peacheaters2008-07-04d1t06_vbr.mp3,ThePeacheaters_IShotTheSheriff.mp3,317,188043
1431,Everything Shines,The Push Stars,"Live at Laska Gymnasium, Assumption College on 2000-04-15",http://www.archive.org/download/pushstars2000-04-15.flac16/pushstars2000-04-15t03_vbr.mp3,ThePushStars_EverythingShines.mp3,229,156390
1435,storm,The Rustlanders,Live at farmjammalamma on 2009-07-03,http://www.archive.org/download/rustlanders2009-07-03/rustlanders2009-07-03d1t11_vbr.mp3,TheRustlanders_storm.mp3,237,197484
1439,Ten and Twelve,The Surly Young Bucks,Live at Pepper Jack Cafe on 2007-07-06,http://www.archive.org/download/syb2007-07-06.flac16/syb2007-07-06t10_vbr.mp3,TheSurlyYoungBucks_TenandTwelve.mp3,248,197481
1443,Honolulu Hoedown,The Vigilante Band,Live at Los Ojos Saloon and Way Station on 2009-07-02,http://www.archive.org/download/TVB2009-07-02.The_Vigilante_Band_LIVE_at_Los_Ojos_Saloon_2_July_2009/VB-20090702i-3_Honolulu_Howdown_vbr.mp3,TheVigilanteBand_HonoluluHoedown.mp3,217,183236
1447,Times,Thought Process,Live at W.B. Yeats Pub on 2004-09-04,http://www.archive.org/download/process2004-09-04.shnf/process2004-09-04d1t06-Times_vbr.mp3,ThoughtProcess_Times.mp3,456,165789
1451,Real Bad Habit,Tim Lee,Live at The Garage on 2003-08-05,http://www.archive.org/download/timlee2006-08-05.spc4.flac/timlee2006-08-05t08_vbr.mp3,TimLee_RealBadHabit.mp3,140,201167
1455,11:03 Jam >,Turtle Soup,Live at The Brass Lantern on 2009-01-31,http://www.archive.org/download/TurtleSoup2009-01-31.1644-Matrix.flac16/TurtleSoup2009-01-31-1644-Matrix-d2t05_vbr.mp3,TurtleSoup_11:03Jam>.mp3,663,193673
1459,uke20070306t06flac,Uke of Spaces,Live at The Sandwich Academy (19 orange st) on 2007-03-06,http://www.archive.org/download/uke2007-03-06.flac16/uke2007-03-06t06_vbr.mp3,UkeofSpaces_uke20070306t06flac.mp3,243,94865
1463,Out of Body >,Volta Kindred,Live at Red Room at University Club on 2004-07-07,http://www.archive.org/download/vkindred2004-07-07.flac16/vkindred2004-07-07d1t01_vbr.mp3,VoltaKindred_OutofBody>.mp3,656,215260
1467,westindiangirl20070715_mbho_t05flac,West Indian Girl,Live at Allgood Festival on 2007-07-15,http://www.archive.org/download/westindiangirl2007-07-15.mbho.flac16/westindiangirl2007-07-15_mbho_t05_vbr.mp3,WestIndianGirl_westindiangirl20070715_mbho_t05flac.mp3,355,211789
1471,Lazy Sundays,Will Phalen and the Stereo Addicts,"Live at Summerfest, Harley Davidson Stage on 2009-07-01",http://www.archive.org/download/WPSA2009-07-01/wp2009-07-01t05_vbr.mp3,WillPhalenandtheStereoAddicts_LazySundays.mp3,336,176886
1475,Johnny Mack,Yankee Zydeco Company,Live at The Sherman Hotel on 2006-04-12,http://www.archive.org/download/yzc2006-04-12.flac16/yzc2006-04-23d1t03_vbr.mp3,YankeeZydecoCompany_JohnnyMack.mp3,532,199702
1479,Lost in Space,Zak Winnick,Live at Studio Z on 2004-04-24,http://www.archive.org/download/zwinnick2004-04-24.shnf/zwinnick2004-04-24.shnf/zwinnick2004-04-24d1t1_vbr.mp3,ZakWinnick_LostinSpace.mp3,529,155206
1483,The Strut,Zuba,"Live at 8x10 Club Baltimore, MD on 1996-09-22",http://www.archive.org/download/zuba1996-09-22/zuba1996-09-22d1t06_vbr.mp3,Zuba_TheStrut.mp3,574,196995
1487,dlo20020507d1t1shn,da Lemmings Onsombol,Live at The Mad Frog on 2002-05-07,http://www.archive.org/download/dlo2002-05-07/dlo2002-05-07d1t1_vbr.mp3,daLemmingsOnsombol_dlo20020507d1t1shn.mp3,463,128654
1491,Seasons by Be Gulls,little wings,Live at Anacortes City Hall Basement on 2007-07-20,http://www.archive.org/download/LW2007-07-20.matrix.flac/LittleWings2007-07-20Matrix-t13_vbr.mp3,littlewings_SeasonsbyBeGulls.mp3,160,178855
1495,Passion Slaves,ted quinn,Live at Beatnik Cafe on 2002-11-16,http://www.archive.org/download/tq2002-11-16/tq2002-11-16t10_vbr.mp3,tedquinn_PassionSlaves.mp3,328,127391
957,Tip My Glass,40 Rod Lightning,Live at Montezuma VFW on 2010-05-01,http://www.archive.org/download/40rl2010-05-01/40rl2010-05-01t16.mp3,40RodLightning_TipMyGlass.mp3,290,200852
965,The Unwanted Brother,Agents of Mercy,Live at Unknown on 2009-09-27,http://www.archive.org/download/aom2009-09-27.flacf/aom2009-09-27tr03.mp3,AgentsofMercy_TheUnwantedBrother.mp3,582,215144
973,Blue Veins,Amelias Mechanics,Live at The Evening Muse on 2010-02-26,http://www.archive.org/download/am2010-02-26.LSD2.minime.flac16/am2010-02-26d1t09.mp3,AmeliasMechanics_BlueVeins.mp3,454,201716
981,Black Heart,Awry,Live at The Court Tavern on 2008-02-08,http://www.archive.org/download/Awry2008-02-08.zh4/awry2008-02-08d1t07_vbr.mp3,Awry_BlackHeart.mp3,163,193801
989,Wheat Demon,Barneys Jive Band,Live at Backstreets on 2005-09-15,http://www.archive.org/download/bjb2005-09-15/bjb2005-9-15d202_vbr.mp3,BarneysJiveBand_WheatDemon.mp3,333,128256
997,Glory Daze,Big Blood,Live at The Sahara Club on 2007-01-28,http://www.archive.org/download/bblood2007-01-28.flac16/bblood2007-01-28t01_vbr.mp3,BigBlood_GloryDaze.mp3,484,188059
1005,Shedlife,Billy Midnight,Live at Soho Bar & Restaurant on 2007-05-26,http://www.archive.org/download/bm2007-05-26.bm2007-05-26.flac16/bm2007-05-26d1t02_vbr.mp3,BillyMidnight_Shedlife.mp3,233,213914
1013,Those Get Me Outta Here Blues,Blue Sky Red,Live at Noodle Bar on 2010-04-16,http://www.archive.org/download/bsr2010-04-16/bsr2010-04-16d2t14.mp3,BlueSkyRed_ThoseGetMeOuttaHereBlues.mp3,453,129606
1021,Climb Them Easy,Breadbox Band,Live at 2006 Garden of Eden on 2006-09-17,http://www.archive.org/download/bbb2006-09-17.aud.shnf/BBB2006-09-17d01t06_vbr.mp3,BreadboxBand_ClimbThemEasy.mp3,664,202377
1029,BStrange20061208T01flac,Buffalo Strange,Live at Skipper's Smokehouse on 2006-12-08,http://www.archive.org/download/BStrange2006-12-08/BStrange20061208T01_vbr.mp3,BuffaloStrange_BStrange20061208T01flac.mp3,456,210582
1037,Salt Lick,Captain Soularcat,Live at Mountain View Jam on 2004-05-14,http://www.archive.org/download/soular2004-05-14.flac16/soular2004-05-14t05_vbr.mp3,CaptainSoularcat_SaltLick.mp3,551,200628
1045,Step back,Charlotte Martin,Live at Club Metronome on 2006-04-01,http://www.archive.org/download/cmartin2006-04-01/cmartin2006-04-01d02t02_vbr.mp3,CharlotteMartin_Stepback.mp3,304,184412
1053,A Womans Voice Will Drug You,Chuck Prophet,Live at Cabaret Voltaire on 2008-05-02,http://www.archive.org/download/cp2008-05-02.matrix.flac16/cp2008-05-02Cd2t06_vbr.mp3,ChuckProphet_AWomansVoiceWillDrugYou.mp3,496,186667
1061,Unknown,Cope,Live at Skipper's Smokehouse on 2008-01-19,http://www.archive.org/download/Cope2008-01-19.Schoeps_mk4-cmc6.flac16/Cope2008-01-19T04_vbr.mp3,Cope_Unknown.mp3,385,201277
1069,Dead Flowers,Dan Whitaker and The Shinebenders,Live at Abbey Pub on 2009-04-10,http://www.archive.org/download/dwsb2009_04-10/dwsb2009-04-10d1t10_vbr.mp3,DanWhitakerandTheShinebenders_DeadFlowers.mp3,236,199617
1077,Not Now John,Dead Floyd,Live at Aggie Theatre on 2010-04-01,http://www.archive.org/download/deadfloyd2010-04-01.flac/deadfloyd2010-04-01d01t03.mp3,DeadFloyd_NotNowJohn.mp3,412,156106
1085,02Straight Rollin,Digital,Frontier Live at The Brass Lantern on 2007-10-12,http://www.archive.org/download/df2007-10-12..dsbd/df20071012_02_Straight_Rollin_vbr.mp3,Digital_02StraightRollin.mp3,476,127587
1093,Cannibal,Earth Bombs Mars,Live at Whippofest on 2005-12-10,http://www.archive.org/download/ebm2005-12-10.flac16f/ebm2005-12-10d2t03_vbr.mp3,EarthBombsMars_Cannibal.mp3,294,162969
1101,Mystery,Emily Barker,Live at Cherry Hinton Hall on 2006-07-27,http://www.archive.org/download/barker2006-07-27.aud.flac16/barker2006-07-27d1t06_vbr.mp3,EmilyBarker_Mystery.mp3,316,185374
1109,After Midnight,Exit Anywhere,Live at The Brandy House on 2004-12-18,http://www.archive.org/download/exany2004-12-18.shnf/exany2004-12-18d1t08_vbr.mp3,ExitAnywhere_AfterMidnight.mp3,387,197970
1117,When The circus comes To Town,Fly,Live at Crocodile on 2007-01-28,http://www.archive.org/download/fly2007-01-28.rodent4/fly2007-01-28d2t02_vbr.mp3,Fly_WhenThecircuscomesToTown.mp3,324,197034
1125,Long Distance Runner,Fugazi,Live at Irving Plaza on 1995-04-03,http://www.archive.org/download/Fugazi1995-04-03.SBD/Fugazi1995-04-03-t15_vbr.mp3,Fugazi_LongDistanceRunner.mp3,249,215660
1133,Walkin Blues,Geoff Achison and the Souldiggers, Live at Bamboo Room on 2005-05-06,http://www.archive.org/download/achison2005-05-06.flac16/disc2/achison2005-05-06d2t02_vbr.mp3,GeoffAchisonandtheSouldiggers_WalkinBlues.mp3,688,192662
1141,ClintEastwood,Grandpa Mojo,Live at The Fox Theatre on 2005-06-08,http://www.archive.org/download/grandpamojo2005-06-08/grandpamojo2005-06-08_t03_vbr.mp3,GrandpaMojo_ClintEastwood.mp3,708,177625
1149,Manifest Destiny,Guster,Live at University of Puget Sound Fieldhouse on 2006-03-29,http://www.archive.org/download/gus2006-03-29.m300.flac16/gus2006-03-29t14_vbr.mp3,Guster_ManifestDestiny.mp3,273,192010
1157,Better Days,Hannaward Pass,Live at Multiple on 2000-01-01,http://www.archive.org/download/hp2000-01-01.phattyscompilation.mp3/hp_phattyscompilation_d1t3_vbr.mp3,HannawardPass_BetterDays.mp3,295,143240
1165,Little Black Eyed Susie,High on the Hog,Live at KBFR's Van ,http://www.archive.org/download/hoth2003-04-20.flac16/hoth2003-04-20d1t14_vbr.mp3,HighontheHog_LittleBlackEyedSusie.mp3,145,199785
1173,icaros20040730d2t03flac,Icaros,Live at Matt Murphy's on 2004-07-30,http://www.archive.org/download/icaros2004-07-30.flac16/icaros2004-07-30d2t03_vbr.mp3,Icaros_icaros20040730d2t03flac.mp3,474,201333
1181,interview,Jake Shimabukuro,"Live at KPFK Folkscene, The Long House on 2007-11-14",http://www.archive.org/download/jakeshimabukuro2007-11-14.fm.flac16/jakeshimabukuro2007-11-14t03_vbr.mp3,JakeShimabukuro_interview.mp3,105,144022
1189,jimiller20080711d2t06flac,JiMiller Band,Live at Portage County Country Club on 2008-07-11,http://www.archive.org/download/jimiller2008-07-11.dsbd.r09.flac16/jimiller2008-07-11d2t06_vbr.mp3,JiMillerBand_jimiller20080711d2t06flac.mp3,368,200622
1197,far away message,Jon Swift,Live at Martini Ranch on 2003-11-13,http://www.archive.org/download/jswift2003-11-13.at831.shnf/jonswift2003-11-13d1t06_vbr.mp3,JonSwift_farawaymessage.mp3,379,181959
1205,Drums_Chant >,Karma Wash and the Cosmic Dryer,Live at ,http://www.archive.org/download/kwcd2008-03-08.sbd.128-bit.mp3/2008-03-07-04-DrumVocChantJaminto-fixed_vbr.mp3,KarmaWashandtheCosmicDryer_Drums_Chant>.mp3,277,150036
1213,One of These Days,Kwait Brothers Band,Live at The Point on 2004-11-24,http://www.archive.org/download/kbb2004-11-24/kbb2004-11-24d1t05_vbr.mp3,KwaitBrothersBand_OneofTheseDays.mp3,317,188037
1221,My Memory,Lingo,Live at Zuffys on 2008-11-14,http://www.archive.org/download/Lingo2008-11-14.dpa4023.v3.744t.flac16/lingo2008-11-14t12_vbr.mp3,Lingo_MyMemory.mp3,303,197141
1229,The Night They Drove Old Dixie Down,M Bison,Live at Blue Moon Tavern on 2009-11-07,http://www.archive.org/download/mbison2009-11-07.flac16/mbison2009-11-07t09_vbr.mp3,MBison_TheNightTheyDroveOldDixieDown.mp3,276,195627
1237,Escape Velocity,Man Or Astroman?, Live at Liquid Joe's on 2001-12-17,http://www.archive.org/download/moam2001-12-17.flac16/moam2001-12-17d1t04_vbr.mp3,ManOrAstroman?_EscapeVelocity.mp3,113,171816
1245,03 Pigeons,Matthue Roth,Live at Bowery Poetry Club on 2007-10-24,http://www.archive.org/download/mroth2007-10-24/03_Pigeons_vbr.mp3,MatthueRoth_03Pigeons.mp3,167,190625
1253,Twisted,Monacy,Live at Grape Street on 2006-11-10,http://www.archive.org/download/monacy2006-11-10.monacy-11-10.flac16/monacy2006-11-10d1t02_vbr.mp3,Monacy_Twisted.mp3,324,166746
1261,Lookout Rock,Mr Babers Neighbors: The Solar String Band,Live at Peoples Court on 2008-07-29,http://www.archive.org/download/MBNTSSB2008-07-29.sbd.flac16/MBN-TSSB2008-07-29-sbd-d1t13_vbr.mp3,MrBabersNeighbors:TheSolarStringBand_LookoutRock.mp3,265,123701
1269,Leigh,Nathan Angelo,Live at Smith's Olde Bar on 2005-10-14,http://www.archive.org/download/na2005-10-14.flac/na2005-10-14d1t01.sbd_vbr.mp3,NathanAngelo_Leigh.mp3,458,129206
1277,The Call of the WaterMonkCyberJem ,Octopus Nebula,Live at Cervantes' Masterpiece Ballroom on 2010-03-26,http://www.archive.org/download/ON2010-03-26/OctopusNebula2010-03-26d1t03.mp3,OctopusNebula_TheCalloftheWaterMonkCyberJem.mp3,512,206312
1285,flamenco guitar solo,Ostad Manoochehr Sadeghi,Live at California Plaza on 2004-09-04,http://www.archive.org/download/sadeghi/sadeghi_2004-09-04_la/sadeghi_2004-09-04_la2.2/sadeghi2004-09-04d2t05_vbr.mp3,OstadManoochehrSadeghi_flamencoguitarsolo.mp3,277,202958
1293,pimp19970110t02shn,Pimp Carriage,Live at The Ratskeller on 1997-01-10,http://www.archive.org/download/pimp1997-01-10.shnf/pimp1997-01-10t02_vbr.mp3,PimpCarriage_pimp19970110t02shn.mp3,306,200063
1301,turpentine,R Mutt,Live at Nexus Studio on 1997-02-15,http://www.archive.org/download/rmutt1997-02-15/rmutt1997-02-15-01-turpentine_vbr.mp3,RMutt_turpentine.mp3,262,194496
1309,Sun Signal,Reason For Leaving,Live at WORT studios on 2001-04-06,http://www.archive.org/download/rfl2001-04-06-flac16/rfl2001-04-06t03.mp3,ReasonForLeaving_SunSignal.mp3,714,187647
1317,Flood in Franklin Park,Robert Walters 20th Congress,Live at The Boom Boom Room on 2007-10-11,http://www.archive.org/download/rw2c2007-10-11.neumann.ak40/rw2c2007-10-11d2t07_vbr.mp3,RobertWalters20thCongress_FloodinFranklinPark.mp3,447,201758
1325,Let Him Go On Mama,Runaway Truck Ramp,"Live at The Fox Theatre, on 2000-05-06",http://www.archive.org/download/rtr2000-05-06.at4041.flac16/rtr2000-05-06.at4041.d1t06_vbr.mp3,RunawayTruckRamp_LetHimGoOnMama.mp3,365,202950
1333,unknown,Sean Leahy Group,Live at Mission Rock Cafe on 2009-02-27,http://www.archive.org/download/slb2009-02-27.flac/slb2009-02-27t02_vbr.mp3,SeanLeahyGroup_unknown.mp3,403,186286
1341,Golden Grass,Silver Machine,Live at Neighborhood Theater on 2009-06-18,http://www.archive.org/download/SilverMachine2009-06-18/SM2009060181t04_vbr.mp3,SilverMachine_GoldenGrass.mp3,503,195809
1349,On The Patio >,Slowcoaster,Live at Mavericks on 2005-05-11,http://www.archive.org/download/sloco2005-05-11.oktava.shnf/sloco2005-05-11d2t06_vbr.mp3,Slowcoaster_OnThePatio>.mp3,335,198417
1357,sm20090117d2t01flac,Soul Majestic,Live at Soho Bar & Restaurant on 2009-01-17,http://www.archive.org/download/sm2009-01-17.sm2009-01-17.flac16/sm2009-01-17d2t01_vbr.mp3,SoulMajestic_sm20090117d2t01flac.mp3,473,126523
1365,Mad Love,Steadman,Live at Hotel Cafe on 2005-11-01,http://www.archive.org/download/ssteadman2005-11-01.km140.flac16/ssteadman2005-11-01t03_vbr.mp3,Steadman_MadLove.mp3,228,185709
1373,Walk On By,Stratton and Moore,Live at Charleston Pour House on 2007-10-07,http://www.archive.org/download/SM2007-10-07.matrix.flac16/sm2009-10-07d103_vbr.mp3,StrattonandMoore_WalkOnBy.mp3,350,201770
1381,Loving Cup,Sushi Grade Panda,Live at Jimmy's Seaside on 2010-05-14,http://www.archive.org/download/sgp2010-05-14.flac16/sgp2010-05-14set1t02.mp3,SushiGradePanda_LovingCup.mp3,548,192626
1389,The Dead Relative to the Breathing,The Agrarians,Live at Joe Squared on 2009-05-15,http://www.archive.org/download/theagrarians2009-05-15.akg461s.ps2.flac24/theagrarians2009-05-15t05_vbr.mp3,TheAgrarians_TheDeadRelativetotheBreathing.mp3,211,205616
1397,Lady J,The Biddy Bums,Live at LeStats West on 2003-11-06,http://www.archive.org/download/biddybums2003-11-06.at831.shnf/biddybums2003-11-06d1t02_vbr.mp3,TheBiddyBums_LadyJ.mp3,375,164224
1405,The Real>,The Daily Supplement,Live at ,http://www.archive.org/download/tds2005-2-24.flac16/tds2005-2-24d2t05_vbr.mp3,TheDailySupplement_TheReal>.mp3,223,180148
1413,06,The Heavy Sandwich,Live at Smokey Joe's on 2008-12-05,http://www.archive.org/download/ths2008-12-05.ths2008-12-05/06_vbr.mp3,TheHeavySandwich_06.mp3,452,178194
1421,Think,The Maykers,Live at Pappy and Harriet's on 2008-10-25,http://www.archive.org/download/maykers2008-10-25.flac16/maykers2008-10-25-16bit-t04_vbr.mp3,TheMaykers_Think.mp3,624,200314
1429,Sweet Little Miss Blue Eyes,The Pluckin Grassholes,Live at ,http://www.archive.org/download/pluckingrassholes2009-02-28.mk4-8.nbox.flac16/pluckingrassholes2009-02-28t06_vbr.mp3,ThePluckinGrassholes_SweetLittleMissBlueEyes.mp3,209,179877
1437,Skatanic *,The Ska Rockets,Live at ,http://www.archive.org/download/skar2004-02-29.flac16/skar2004-02-29t07_vbr.mp3,TheSkaRockets_Skatanic*.mp3,223,188646
1445,Warm Gun,The Wash,Live at Ye Olde Neadermyre Inn on 2001-12-20,http://www.archive.org/download/thewash2001-12-20.shnf/thewash2001-12-20d1t05_vbr.mp3,TheWash_WarmGun.mp3,108,155274
1453,Bad Santa Jam 5,Tricycle Side Project,Live at Henflings Firehouse Tavern on 2003-12-26,http://www.archive.org/download/tsp2003-12-26.flac16/tsp2003-12-26d1t05_vbr.mp3,TricycleSideProject_BadSantaJam5.mp3,560,164988
1461,Kiss,Vertigo Jazz Project,"Live at Downtown After Five, Lexington Ave stage on 2009-09-18",http://www.archive.org/download/vjp2009-09-18.matrix/vertigojazzproject2009-09-18-matrix05_vbr.mp3,VertigoJazzProject_Kiss.mp3,402,147246
1469,Prove It All To You,Whitey Morgan and the 78s,Live at ,http://www.archive.org/download/wm78s2009-01-12.at2021.flac/wm78s2009-01-12.at2021.dt102_ProveItAllToYou_vbr.mp3,WhiteyMorganandthe78s_ProveItAllToYou.mp3,219,125620
1477,Hot Pizazz,Yo Mamas Big Fat Booty Band,Live at Jamcruise V on 2007-01-03,http://www.archive.org/download/booty2007-01-03.flac16/booty2007-01-03d2t03_vbr.mp3,YoMamasBigFatBootyBand_HotPizazz.mp3,211,205312
1485,lucky day,bad apples,Live at Irish American Hurling Club on 2009-07-03,http://www.archive.org/download/badapples2009-07-03.mp3f/14-luckyday_vbr.mp3,badapples_luckyday.mp3,315,144298
1493,Banter  Crowd Chant,pert near sandstone,Live at First Avenue on 2008-03-15,http://www.archive.org/download/pns2008-03-15.NLE.flac16/pns2008-03-15d2t06.NLE_vbr.mp3,pertnearsandstone_BanterCrowdChant.mp3,97,202348
